Authors,Title,Year,Source title,Volume,Issue,Art. No.,Page start,Page end,Page count,DOI,Link
"Samaras L., García-Barriocanal E., Sicilia M.-A.","Comparing Social media and Google to detect and predict severe epidemics",2020,"Scientific Reports","10","1", 4747,"","",,"10.1038/s41598-020-61686-9","https://www.scopus.com/inward/record.uri?eid=2-s2.0-85082021054&doi=10.1038%2fs41598-020-61686-9&partnerID=40&md5=89c4309ec2e615acb39d0dc9c6ddb2ce"
"Yassine S., Kadry S., Sicilia M.-A.","Application of community detection algorithms on learning networks. The case of Khan Academy repository",2020,"Computer Applications in Engineering Education",,,,"","",,"10.1002/cae.22212","https://www.scopus.com/inward/record.uri?eid=2-s2.0-85080986523&doi=10.1002%2fcae.22212&partnerID=40&md5=3bdb13938aa621c248901a4be47b12ab"
"Mora-Cantallops M., Sicilia M.-Á.","Team efficiency and network structure: The case of professional League of Legends",2019,"Social Networks","58",,,"105","115",,"10.1016/j.socnet.2019.03.004","https://www.scopus.com/inward/record.uri?eid=2-s2.0-85063625803&doi=10.1016%2fj.socnet.2019.03.004&partnerID=40&md5=442d5f95011f7c6ff6caec2d2d2c2337"
"Sicilia M.-A., Visvizi A.","Blockchain and OECD data repositories: opportunities and policymaking implications",2019,"Library Hi Tech","37","1",,"30","42",,"10.1108/LHT-12-2017-0276","https://www.scopus.com/inward/record.uri?eid=2-s2.0-85053049282&doi=10.1108%2fLHT-12-2017-0276&partnerID=40&md5=0e8e4314b6142b65b9f0826913d8c6f4"
"García-Barriocanal E., Sicilia M.-Á., Sánchez-Alonso S.","The Case for Ontologies in Expressing Decisions in Decentralized Energy Systems",2019,"Communications in Computer and Information Science","846",,,"365","376",,"10.1007/978-3-030-14401-2_35","https://www.scopus.com/inward/record.uri?eid=2-s2.0-85062670929&doi=10.1007%2f978-3-030-14401-2_35&partnerID=40&md5=14cf6d52313a590ec64172019cc65f25"
"Santos L.S., Sicilia M.-A., Garcia-Barriocanal E.","Ontology-based modeling of effect-based knowledge in disaster response",2019,"International Journal on Semantic Web and Information Systems","15","1",,"102","118",,"10.4018/IJSWIS.2019010105","https://www.scopus.com/inward/record.uri?eid=2-s2.0-85055889606&doi=10.4018%2fIJSWIS.2019010105&partnerID=40&md5=d1bb157e41edd98130e74ca58341b40e"
"Sicilia M.-A., García-Barriocanal E., Sánchez-Alonso S., Mora-Cantallops M.","Programming paradigms for computational science: Three fundamental models",2019,"Lecture Notes in Computer Science (including subseries Lecture Notes in Artificial Intelligence and Lecture Notes in Bioinformatics)","11540 LNCS",,,"408","420",,"10.1007/978-3-030-22750-0_33","https://www.scopus.com/inward/record.uri?eid=2-s2.0-85068457974&doi=10.1007%2f978-3-030-22750-0_33&partnerID=40&md5=32844949f07b2178dc3cff200ceafb1e"
"Sicilia M.-A., García-Barriocanal E., Sánchez-Alonso S., Cuadrado J.-J.","Decentralized Persistent Identifiers: A basic model for immutable handlers",2019,"Procedia Computer Science","146",,,"123","130",,"10.1016/j.procs.2019.01.087","https://www.scopus.com/inward/record.uri?eid=2-s2.0-85062462232&doi=10.1016%2fj.procs.2019.01.087&partnerID=40&md5=95ec60c8806d8cc23ded5aae87a77230"
"Sicilia M.-Á., García-Barriocanal E., Sánchez-Alonso S., Mora-Cantallops M., Cuadrado J.-J.","Ontologies for Data Science: On Its Application to Data Pipelines",2019,"Communications in Computer and Information Science","846",,,"169","180",,"10.1007/978-3-030-14401-2_16","https://www.scopus.com/inward/record.uri?eid=2-s2.0-85062656577&doi=10.1007%2f978-3-030-14401-2_16&partnerID=40&md5=24d9d9a23d302760b314f8fc7603e8dd"
"Sicilia M.-A., Simons E., Clements A., Castro P.D., Bergström J.","FAIRness of Research Information",2019,"Procedia Computer Science","146",,,"1","2",,"10.1016/j.procs.2019.01.070","https://www.scopus.com/inward/record.uri?eid=2-s2.0-85062463473&doi=10.1016%2fj.procs.2019.01.070&partnerID=40&md5=a09f8e2bc1819537b4c03ab0cd2f0c10"
"Różewski P., Kieruzel M., Lipczyński T., Prys M., Sicilia M.-A., García-Barriocanal E., Sánchez-Alonso S., Hamill C., Royo C., Uras F.","Concept of expert system for creation of personalized, digital skills learning pathway",2019,"Procedia Computer Science","159",,,"2304","2312",,"10.1016/j.procs.2019.09.405","https://www.scopus.com/inward/record.uri?eid=2-s2.0-85076258030&doi=10.1016%2fj.procs.2019.09.405&partnerID=40&md5=f8371fc53e4a12d3adbd83cb65074c2c"
"Varouchas E., Sicilia M., Sánchez-Alonso S.","Academics' perceptions on quality in higher education shaping key performance indicators",2018,"Sustainability (Switzerland)","10","12", 4752,"","",,"10.3390/su10124752","https://www.scopus.com/inward/record.uri?eid=2-s2.0-85058300156&doi=10.3390%2fsu10124752&partnerID=40&md5=b134f1286f0f6cb9c6bab5bca9e51c78"
"Mora-Cantallops M., Sicilia M.-Á.","Exploring player experience in ranked League of Legends",2018,"Behaviour and Information Technology","37","12",,"1224","1236",,"10.1080/0144929X.2018.1492631","https://www.scopus.com/inward/record.uri?eid=2-s2.0-85049627024&doi=10.1080%2f0144929X.2018.1492631&partnerID=40&md5=d12adb93aff31ed4910a0c739f2d1e80"
"Varouchas E., Sicilia M.-A., Sánchez-Alonso S.","Towards an integrated learning analytics framework for quality perceptions in higher education: a 3-tier content, process, engagement model for key performance indicators",2018,"Behaviour and Information Technology","37","10-11",,"1129","1141",,"10.1080/0144929X.2018.1495765","https://www.scopus.com/inward/record.uri?eid=2-s2.0-85049791292&doi=10.1080%2f0144929X.2018.1495765&partnerID=40&md5=51897bf2925579f894dc430520f632c0"
"Barriocanal E.G., Sicilia M.-A., Cuadrado J.-J., Sánchez-Alonso S.","Agile methods as problem-based learning designs: Setting and assessment",2018,"ACM International Conference Proceeding Series",,,,"339","346",,"10.1145/3284179.3284237","https://www.scopus.com/inward/record.uri?eid=2-s2.0-85058546042&doi=10.1145%2f3284179.3284237&partnerID=40&md5=11ba113c990e6354899e9c02ae5dff40"
"Sicilia M.-A., Różewski P., Royo C., García-Barriocanal E., Kieruzel M., Uras F., Sánchez-Alonso S., Lipczyński T., Hamill C.","Digital skills training in Higher Education: Insights about the perceptions of different stakeholders",2018,"ACM International Conference Proceeding Series",,,,"781","787",,"10.1145/3284179.3284312","https://www.scopus.com/inward/record.uri?eid=2-s2.0-85058504491&doi=10.1145%2f3284179.3284312&partnerID=40&md5=eb2a5fc411dfc6d4024c1540bae4b699"
"Mora-Cantallops M., Sicilia M.-Á.","Player-centric networks in League of Legends",2018,"Social Networks","55",,,"149","159",,"10.1016/j.socnet.2018.06.002","https://www.scopus.com/inward/record.uri?eid=2-s2.0-85049016544&doi=10.1016%2fj.socnet.2018.06.002&partnerID=40&md5=821970d7555fb4b4ba80974a2557390e"
"Carrasco R.S.M., Sicilia M.-A.","Unsupervised intrusion detection through skip-gram models of network behavior",2018,"Computers and Security","78",,,"187","197",,"10.1016/j.cose.2018.07.003","https://www.scopus.com/inward/record.uri?eid=2-s2.0-85050235708&doi=10.1016%2fj.cose.2018.07.003&partnerID=40&md5=37b91296296aa7c54aedb0d49293aded"
"Mora-Cantallops M., Sicilia M.-Á.","MOBA games: A literature review",2018,"Entertainment Computing","26",,,"128","138",,"10.1016/j.entcom.2018.02.005","https://www.scopus.com/inward/record.uri?eid=2-s2.0-85042910030&doi=10.1016%2fj.entcom.2018.02.005&partnerID=40&md5=55616ecb16a2a389c151a052bdc5d69b"
"Nogales A., Sicilia M.A., Barriocanal E.G.","On the graph structure of the web of data",2018,"International Journal on Semantic Web and Information Systems","14","2",,"70","85",,"10.4018/IJSWIS.2018040104","https://www.scopus.com/inward/record.uri?eid=2-s2.0-85045439699&doi=10.4018%2fIJSWIS.2018040104&partnerID=40&md5=efb6c50e177b3c9bad024431a65719dd"
"Eito-Brun R., Sicilia M.-A.","An innovation activity model for Very Small Entities in the software sector: an empirical study",2017,"R and D Management","47","5",,"E13","E25",,"10.1111/radm.12226","https://www.scopus.com/inward/record.uri?eid=2-s2.0-84994121179&doi=10.1111%2fradm.12226&partnerID=40&md5=800db4aff046803244a064996733d1b5"
"Gutiérrez J.M.P., Sánchez-Alonso S., Sicilia M.-A., Barriocanal E.G.","Predicting patterns in hospital admission data",2017,"Applying Big Data Analytics in Bioinformatics and Medicine",,,,"322","336",,"10.4018/978-1-5225-2607-0.ch013","https://www.scopus.com/inward/record.uri?eid=2-s2.0-85027572168&doi=10.4018%2f978-1-5225-2607-0.ch013&partnerID=40&md5=3ef2d8de626ca71d02b0de4d3bf9b37a"
"Roa-Valverde A.J., Sanchez-Alonso S., Sicilia M.-A., Fensel D.","An approach to measuring and annotating the confidence of Wiktionary translations",2017,"Language Resources and Evaluation","51","2",,"319","349",,"10.1007/s10579-017-9384-9","https://www.scopus.com/inward/record.uri?eid=2-s2.0-85011711366&doi=10.1007%2fs10579-017-9384-9&partnerID=40&md5=66c55efe68e8c2789eea4d671944de2e"
"Nogales A., Sicilia-Urban M.A., García-Barriocanal E.","Measuring vocabulary use in the Linked Data Cloud",2017,"Online Information Review","41","2",,"252","271",,"10.1108/OIR-06-2015-0183","https://www.scopus.com/inward/record.uri?eid=2-s2.0-85017264831&doi=10.1108%2fOIR-06-2015-0183&partnerID=40&md5=de61495c56e1ee5d1bcb35f57423b824"
"Martín-Moncunill D., Sicilia-Urban M.A., García-Barriocanal E., Stracke C.M.","Evaluating the concept specialization distance from an end-user perspective: The case of AGROVOC",2017,"Online Information Review","41","6",,"860","876",,"10.1108/OIR-03-2016-0094","https://www.scopus.com/inward/record.uri?eid=2-s2.0-85029856220&doi=10.1108%2fOIR-03-2016-0094&partnerID=40&md5=764189cacd404eb01e1d7410838e680f"
"García-Barriocanal E., Sánchez-Alonso S., Sicilia M.-A.","Deploying metadata on blockchain technologies",2017,"Communications in Computer and Information Science","755",,,"38","49",,"10.1007/978-3-319-70863-8_4","https://www.scopus.com/inward/record.uri?eid=2-s2.0-85036613212&doi=10.1007%2f978-3-319-70863-8_4&partnerID=40&md5=00c40574c3f04cec6a6c0bbd04ecf018"
"Sicilia M.-A., García-Barriocanal E., Sánchez-Alonso S.","Community Curation in Open Dataset Repositories: Insights from Zenodo",2017,"Procedia Computer Science","106",,,"54","60",,"10.1016/j.procs.2017.03.009","https://www.scopus.com/inward/record.uri?eid=2-s2.0-85020724842&doi=10.1016%2fj.procs.2017.03.009&partnerID=40&md5=b90279ac96c26595fb941ad8c654c90d"
"Sicilia M.-A., Simons E., Clements A., De Castro P.","Communicating and Measuring Research Responsibly: Profiling, Metrics, Impact, Interoperability",2017,"Procedia Computer Science","106",,,"1","2",,"10.1016/j.procs.2017.03.001","https://www.scopus.com/inward/record.uri?eid=2-s2.0-85020708980&doi=10.1016%2fj.procs.2017.03.001&partnerID=40&md5=e5c4bbb2eded1c54a191ca9a08355723"
"Rius À., Conesa J., García-Barriocanal E., Sicilia M.Á.","An ontology-driven framework for specifying, adapting and implementing educational settings",2017,"Applied Ontology","12","1",,"33","58",,"10.3233/AO-170176","https://www.scopus.com/inward/record.uri?eid=2-s2.0-85015610453&doi=10.3233%2fAO-170176&partnerID=40&md5=8b8de6328adfdfad0406d95b2ff0e6f0"
"Rajabi E., Sanchez-Alonso S., Sicilia M.-A., Manouselis N.","A linked and open dataset from a network of learning repositories on organic agriculture",2017,"British Journal of Educational Technology","48","1",,"71","82",,"10.1111/bjet.12341","https://www.scopus.com/inward/record.uri?eid=2-s2.0-84940937263&doi=10.1111%2fbjet.12341&partnerID=40&md5=4fe878ebfee87f859bd528966730fea9"
"Sicilia M.-A., Bermejo-Higuera J., García-Barriocanal E., Sánchez-Alonso S., Domínguez-Álvarez D., Monzón-Fernán M.","Querying streams of alerts for knowledge-based detection of long-lived network intrusions",2017,"Lecture Notes in Computer Science (including subseries Lecture Notes in Artificial Intelligence and Lecture Notes in Bioinformatics)","10333 LNAI",,,"186","197",,"10.1007/978-3-319-59692-1_16","https://www.scopus.com/inward/record.uri?eid=2-s2.0-85021970771&doi=10.1007%2f978-3-319-59692-1_16&partnerID=40&md5=ee97fb60b69ba9331e44ed39d24915bd"
"Cantallops M.M., Sicilia M.-A.","Motivations to read and learn in videogame lore: The case of League of Legends",2016,"ACM International Conference Proceeding Series","02-04-November-2016",,,"585","591",,"10.1145/3012430.3012578","https://www.scopus.com/inward/record.uri?eid=2-s2.0-85008213208&doi=10.1145%2f3012430.3012578&partnerID=40&md5=07044a47867880cc3abd191136b50299"
"Cela K., Sicilia M.-Á., Sánchez-Alonso S.","Influence of learning styles on social structures in online learning environments",2016,"British Journal of Educational Technology","47","6",,"1065","1082",,"10.1111/bjet.12267","https://www.scopus.com/inward/record.uri?eid=2-s2.0-84929587102&doi=10.1111%2fbjet.12267&partnerID=40&md5=5b0bc0b446accb27bcf06087f3165509"
"Eito-Brun R., Sicilia M.-A.","Innovation-Driven Software Development: Leveraging Small Companies' Product-Development Capabilities",2016,"IEEE Software","33","5", 7436650,"38","46",,"10.1109/MS.2016.63","https://www.scopus.com/inward/record.uri?eid=2-s2.0-84984685600&doi=10.1109%2fMS.2016.63&partnerID=40&md5=0095de191436963d8f8bb8455fb45a1e"
"Yassine S., Kadry S., Sicilia M.-A.","A framework for learning analytics in moodle for assessing course outcomes",2016,"IEEE Global Engineering Education Conference, EDUCON","10-13-April-2016",, 7474563,"261","266",,"10.1109/EDUCON.2016.7474563","https://www.scopus.com/inward/record.uri?eid=2-s2.0-84994556190&doi=10.1109%2fEDUCON.2016.7474563&partnerID=40&md5=ffeb8bff747cbb4078bba27e746572fb"
"Yassine S., Kadry S., Sicilia M.-A.","Measuring learning outcomes effectively in smart learning environments",2016,"2016 Smart Solutions for Future Cities",,, 7447877,"","",,"10.1109/SSFC.2016.7447877","https://www.scopus.com/inward/record.uri?eid=2-s2.0-84966667797&doi=10.1109%2fSSFC.2016.7447877&partnerID=40&md5=79a833d9429a895787869b2fb8090365"
"Nogales A., Sicilia M.-A., Sánchez-Alonso S., Garcia-Barriocanal E.","Linking from Schema.org microdata to the Web of Linked Data: An empirical assessment",2016,"Computer Standards and Interfaces","45",,,"90","99",,"10.1016/j.csi.2015.12.003","https://www.scopus.com/inward/record.uri?eid=2-s2.0-84959317611&doi=10.1016%2fj.csi.2015.12.003&partnerID=40&md5=775a3d07cbd8778b632f9986fe0a6c93"
"Sicilia M.-A., Sánchez-Alonso S., García-Barriocanal E.","Sharing linked open data over peer-to-peer distributed file systems: The case of IPFS",2016,"Communications in Computer and Information Science","672",,,"3","14",,"10.1007/978-3-319-49157-8_1","https://www.scopus.com/inward/record.uri?eid=2-s2.0-85000658870&doi=10.1007%2f978-3-319-49157-8_1&partnerID=40&md5=e839f8eeb629be3ed1910d3d19a264c2"
"Cechinel C., da Silva Camargo S., Sicilia M.-Á., Sánchez-Alonso S.","Mining models for automated quality assessment of learning objects",2016,"Journal of Universal Computer Science","22","1",,"94","113",,,"https://www.scopus.com/inward/record.uri?eid=2-s2.0-84964754033&partnerID=40&md5=c8ea530df5d0f4d17e88c88e8f4bb39f"
"Valiente M.-C., Sicilia M.-A., Garcia-Barriocanal E., Rajabi E.","Adopting the metadata approach to improve the search and analysis of educational resources for online learning",2015,"Computers in Human Behavior","51",,,"1134","1141",,"10.1016/j.chb.2014.12.059","https://www.scopus.com/inward/record.uri?eid=2-s2.0-84926442859&doi=10.1016%2fj.chb.2014.12.059&partnerID=40&md5=c7859c1fddb930b4c8febcb7cbf9adc1"
"Barbosa R.R.L., Sánchez-Alonso S., Sicilia-Urban M.A.","Evaluating hotels rating prediction based on sentiment analysis services",2015,"Aslib Journal of Information Management","67","4",,"392","407",,"10.1108/AJIM-01-2015-0004","https://www.scopus.com/inward/record.uri?eid=2-s2.0-84938529701&doi=10.1108%2fAJIM-01-2015-0004&partnerID=40&md5=f794d92e553b08b360a249d8139223ff"
"Cela K.L., Sicilia M.Á., Sánchez S.","Social Network Analysis in E-Learning Environments: A Preliminary Systematic Review",2015,"Educational Psychology Review","27","1",,"219","246",,"10.1007/s10648-014-9276-0","https://www.scopus.com/inward/record.uri?eid=2-s2.0-84939879751&doi=10.1007%2fs10648-014-9276-0&partnerID=40&md5=8751886ea5d58b6e2e711e677024738e"
"Martín-Moncunill D., Sicilia-Urban M.Á., García-Barriocanal E., Sánchez-Alonso S.","Evaluating the degree of domain specificity of terms in large terminologies: The case of AGROVOC",2015,"Online Information Review","39","3",,"326","345",,"10.1108/OIR-02-2015-0052","https://www.scopus.com/inward/record.uri?eid=2-s2.0-84930844726&doi=10.1108%2fOIR-02-2015-0052&partnerID=40&md5=5c6827424eb5d9c29333b9292cf98aa3"
"Cela K.L., Sicilia M.Á., Sánchez S.","Comparison of collaboration and performance in groups of learners assembled randomly or based on learners' topic preferences",2015,"Educational Technology and Society","18","4",,"287","298",,,"https://www.scopus.com/inward/record.uri?eid=2-s2.0-84948142779&partnerID=40&md5=8a814e1b1447f7d7c3095790fcdad35a"
"Rodriguez-Solano C., Sánchez-Alonso S., Sicilia M.-A.","Creation of reusable open textbooks: Insights from the Connexions repository",2015,"British Journal of Educational Technology","46","6",,"1223","1235",,"10.1111/bjet.12196","https://www.scopus.com/inward/record.uri?eid=2-s2.0-84943818655&doi=10.1111%2fbjet.12196&partnerID=40&md5=03bd34887794f532db555795d39c8997"
"Rajabi E., Sicilia M.-A., Sanchez-Alonso S.","Discovering duplicate and related resources using an interlinking approach: The case of educational datasets",2015,"Journal of Information Science","41","3",,"329","341",,"10.1177/0165551515575922","https://www.scopus.com/inward/record.uri?eid=2-s2.0-84930407826&doi=10.1177%2f0165551515575922&partnerID=40&md5=afd4aa8db18b75589c1a1fef7726273c"
"Rajabi E., Sicilia M.-A., Sanchez-Alonso S.","Interlinking educational resources to web of data through IEEE LOM",2015,"Computer Science and Information Systems","12","1",,"233","255",,"10.2298/CSIS140330088R","https://www.scopus.com/inward/record.uri?eid=2-s2.0-84922781621&doi=10.2298%2fCSIS140330088R&partnerID=40&md5=a25f3ac97ea5e044b659fc4bb7f56de5"
"Sicilia M.-A., García-Barriocanal E., Bermejo-Higuera J., Sánchez-Alonso S.","What are information security ontologies useful for?",2015,"Communications in Computer and Information Science","544",,,"51","61",,"10.1007/978-3-319-24129-6_5","https://www.scopus.com/inward/record.uri?eid=2-s2.0-84945940635&doi=10.1007%2f978-3-319-24129-6_5&partnerID=40&md5=6dedb3dd8e9874cfafb3da17c68be5d7"
"Rousidis D., Garoufallou E., Balatsoukas P., Sicilia M.-A.","Evaluation of metadata in research data repositories: The case of the DC.Subject element",2015,"Communications in Computer and Information Science","544",,,"203","213",,"10.1007/978-3-319-24129-6_18","https://www.scopus.com/inward/record.uri?eid=2-s2.0-84945917177&doi=10.1007%2f978-3-319-24129-6_18&partnerID=40&md5=c93653521e48ac9eb4f627e1d4d41db4"
"dos Santos H.L., Cechinel C., Araujo R.M., Sicilia M.-Á.","Clustering learning objects for improving their recommendation via collaborative filtering algorithms",2015,"Communications in Computer and Information Science","544",,,"183","194",,"10.1007/978-3-319-24129-6_16","https://www.scopus.com/inward/record.uri?eid=2-s2.0-84945902190&doi=10.1007%2f978-3-319-24129-6_16&partnerID=40&md5=9387c12073e9e3254d68e27e37a85496"
"Martín-Moncunill D., García-Barriocanal E., Sicilia M.-A., Sánchez-Alonso S.","Evaluating the practical applicability of thesaurus-based keyphrase extraction in the agricultural domain: Insights from the VOA3R projectt",2015,"Knowledge Organization","42","2",,"76","89",,,"https://www.scopus.com/inward/record.uri?eid=2-s2.0-84932093520&partnerID=40&md5=e9c06de88643d4fa5e4c72877eeeae4b"
"Santos L., De La Fuente Martín M., Pérez J.J., Rodriguez-Solano C., Sicilia M.-A.","Representing multi-national rules of engagement using ontologies and rules as constraints for courses of action",2015,"2015 International Conference on Military Communications and Information Systems, ICMCIS 2015",,, 7158710,"","",,"10.1109/ICMCIS.2015.7158710","https://www.scopus.com/inward/record.uri?eid=2-s2.0-84943338608&doi=10.1109%2fICMCIS.2015.7158710&partnerID=40&md5=22b6321829e948e51ed91a184271f456"
"Sicilia M.-A., Lytras M., Jones N.","Using ontologies for integrated knowledge management in organization design and engineering",2014,"Organization Design and Engineering: Coexistence, Cooperation or Integration",,,,"202","228",,"10.1057/9781137351579","https://www.scopus.com/inward/record.uri?eid=2-s2.0-85006339859&doi=10.1057%2f9781137351579&partnerID=40&md5=5f2aa679666f6d5ddc43fe79b1f9b4a9"
"Messnarz R., Sicilia M.-A., Biro M., García-Barriocanal E., Garre-Rubio M., Siakas K., Clarke A.","Social responsibility aspects supporting the success of SPI",2014,"Journal of Software: Evolution and Process","26","3",,"284","294",,"10.1002/smr.1586","https://www.scopus.com/inward/record.uri?eid=2-s2.0-84964691744&doi=10.1002%2fsmr.1586&partnerID=40&md5=ce1c4bbc90912ad0abbe0816963d4f0e"
"Rius A., Conesa J., García-Barriocanal E., Sicilia M.-A.","Automating educational processes implementation by means of an ontological framework",2014,"Computer Standards and Interfaces","36","2",,"335","348",,"10.1016/j.csi.2013.08.003","https://www.scopus.com/inward/record.uri?eid=2-s2.0-84890128494&doi=10.1016%2fj.csi.2013.08.003&partnerID=40&md5=3b36262f30bae41650295bfc6f0da452"
"Roa-Valverde A.J., Sicilia M.-A.","A survey of approaches for ranking on the web of data",2014,"Information Retrieval","17","4",,"295","325",,"10.1007/s10791-014-9240-0","https://www.scopus.com/inward/record.uri?eid=2-s2.0-84905057681&doi=10.1007%2fs10791-014-9240-0&partnerID=40&md5=97cc29cf44913026549793639cea5570"
"Rajabi E., Sicilia M.-A., Sanchez-Alonso S.","Research objects interlinking: The case of dryad repository",2014,"Communications in Computer and Information Science","478",,,"14","21",,,"https://www.scopus.com/inward/record.uri?eid=2-s2.0-84916606575&partnerID=40&md5=1405c84f4267cad085aee5c825a9852c"
"Rajabi E., Sicilia M.-A., Sanchez-Alonso S.","An empirical study on the evaluation of interlinking tools on the Web of Data",2014,"Journal of Information Science","40","5",,"637","648",,"10.1177/0165551514538151","https://www.scopus.com/inward/record.uri?eid=2-s2.0-84907098054&doi=10.1177%2f0165551514538151&partnerID=40&md5=b4f6c2f5c1a32853d318fedbbb4cd73e"
"Nogales A., Sicilia M.-A., Jörg B.","Combining VIVO and Google Scholar data as sources for CERIF linked data: A case in the agricultural domain",2014,"Procedia Computer Science","33",,,"266","271",,"10.1016/j.procs.2014.06.042","https://www.scopus.com/inward/record.uri?eid=2-s2.0-84904466202&doi=10.1016%2fj.procs.2014.06.042&partnerID=40&md5=40e03b86a7c7f26f33f071fad38a1b4f"
"Rajabi E., Sanchez-Alonso S., Sicilia M.-A.","Analyzing broken links on the web of data: An experiment with DBpedia",2014,"Journal of the Association for Information Science and Technology","65","8",,"1721","1727",,"10.1002/asi.23109","https://www.scopus.com/inward/record.uri?eid=2-s2.0-84903957630&doi=10.1002%2fasi.23109&partnerID=40&md5=a408d51abfb87aa198e122215704cefe"
"Cechinel C., Camargo S.S., Sànchez-Alonso S., Sicilia M.-Á.","Towards automated evaluation of learning resources inside repositories",2014,"Recommender Systems for Technology Enhanced Learning: Research Trends and Applications",,,,"25","46",,"10.1007/978-1-4939-0530-0_2","https://www.scopus.com/inward/record.uri?eid=2-s2.0-84956544418&doi=10.1007%2f978-1-4939-0530-0_2&partnerID=40&md5=efc233f18b774fa31679f743fc99b254"
"Closs S., Studer R., Garoufallou E., Sicilia M.-A.","Metadata and Semantics Research: 8th Research Conference, MTSR 2014 Karlsruhe, Germany, November 27-29, 2014 Proceedings 13",2014,"Communications in Computer and Information Science","478",,,"","",,"10.1007/978-3-319-13674-5","https://www.scopus.com/inward/record.uri?eid=2-s2.0-84916620269&doi=10.1007%2f978-3-319-13674-5&partnerID=40&md5=a69e6909a8475e4df957e057d3a61c0a"
"Closs S., Studer R., Garoufallou E., Sicilia M.-A.","Preface",2014,"Communications in Computer and Information Science","478",,,"V","VII",,,"https://www.scopus.com/inward/record.uri?eid=2-s2.0-84916608359&partnerID=40&md5=a2f3f70533d69d09618d32c7cabfef40"
"Rousidis D., Garoufallou E., Balatsoukas P., Sicilia M.-A.","Metadata for Big Data: A preliminary investigation of metadata quality issues in research data repositories",2014,"Information Services and Use","34","3-4",,"279","286",,"10.3233/ISU-140746","https://www.scopus.com/inward/record.uri?eid=2-s2.0-84913539057&doi=10.3233%2fISU-140746&partnerID=40&md5=a8e9c8af78c36f88e797479078adbb44"
"Rousidis D., Garoufallou E., Balatsoukas P., Sicilia M.-A.","Data quality issues and content analysis for research data repositories: The case of dryad",2014,"Let's Put Data to Use: Digital Scholarship for the Next Generation -  Proceedings of the 18th International Conference on Electronic Publishing, ELPUB 2014",,,,"49","58",,"10.3233/978-1-61499-409-1-49","https://www.scopus.com/inward/record.uri?eid=2-s2.0-84903720990&doi=10.3233%2f978-1-61499-409-1-49&partnerID=40&md5=d1f3ec75ceb661e41e221047a31ab27b"
"Rajabi E., Sicilia M.-A., Sanchez-Alonso S.","Interlinking educational data: An experiment with GLOBE resources",2013,"ACM International Conference Proceeding Series",,,,"339","348",,"10.1145/2536536.2536588","https://www.scopus.com/inward/record.uri?eid=2-s2.0-84892912072&doi=10.1145%2f2536536.2536588&partnerID=40&md5=106a97a9c6dc3bd769c1442d00290dc6"
"Sicilia M.-A.","Preface",2013,"Interoperability in Healthcare Information Systems: Standards, Management, and Technology",,,,"xii","xvii",,,"https://www.scopus.com/inward/record.uri?eid=2-s2.0-84944216439&partnerID=40&md5=4e77b84f337ec6e3e0620130071e8756"
"Sicilia M.-A., Serrano Balazote P.","Interoperability in healthcare information systems: Standards, management, and technology",2013,"Interoperability in Healthcare Information Systems: Standards, Management, and Technology",,,,"1","318",,"10.4018/978-1-4666-3000-0","https://www.scopus.com/inward/record.uri?eid=2-s2.0-84944234153&doi=10.4018%2f978-1-4666-3000-0&partnerID=40&md5=c46db696aa58c0728381c2d48452d2db"
"Lezcano L., Sicilia M.-A., Rivero E.","Semantic integration of patient data for clinical decision support in breast cancer care",2013,"Interoperability in Healthcare Information Systems: Standards, Management, and Technology",,,,"250","261",,"10.4018/978-1-4666-3000-0.ch010","https://www.scopus.com/inward/record.uri?eid=2-s2.0-84944202478&doi=10.4018%2f978-1-4666-3000-0.ch010&partnerID=40&md5=0cf521b83a1661af09a3af95b9b6dd6f"
"García-Barriocanal E., Sicilia M.-A., Sánchez-Alonso S.","Providing semantic metadata to online learning resources on sustainable agriculture and farming: Combining values and technical knowledge",2013,"Interactive Learning Environments","21","3",,"301","318",,"10.1080/10494820.2011.559170","https://www.scopus.com/inward/record.uri?eid=2-s2.0-84878136310&doi=10.1080%2f10494820.2011.559170&partnerID=40&md5=ab3a027ffeb123fc02eba2f9b5c6e3ba"
"Rius A., Conesa J., García-Barriocanal E., Sicília M.-A.","Specifying patterns of educational settings by means of ontologies",2013,"Journal of Universal Computer Science","19","3",,"353","382",,,"https://www.scopus.com/inward/record.uri?eid=2-s2.0-84876768719&partnerID=40&md5=b18757a66986c4bd0c5759bba81cd90e"
"Sicilia M.-A., Ochoa X., Stoitsis G., Klerkx J.","Learning object analytics for collections, repositories & federations",2013,"ACM International Conference Proceeding Series",,,,"285","286",,"10.1145/2460296.2460359","https://www.scopus.com/inward/record.uri?eid=2-s2.0-84876481550&doi=10.1145%2f2460296.2460359&partnerID=40&md5=eadcdd9a0a212c4b4e90223f5f390d7e"
"Rodríguez-Solano C., Lezcano L., Sicilia M.-A.","Automated generation of SNOMED CT subsets from clinical guidelines",2013,"Information Systems and Technologies for Enhancing Health and Social Care",,,,"190","204",,"10.4018/978-1-4666-3667-5.ch013","https://www.scopus.com/inward/record.uri?eid=2-s2.0-84898225784&doi=10.4018%2f978-1-4666-3667-5.ch013&partnerID=40&md5=dd818638e500b076ec0666fefb2fab28"
"Sicilia M.-A.","Preface",2013,"Handbook of Metadata, Semantics and Ontologies",,,,"v","vi",,"10.1142/9789812836304_fmatter","https://www.scopus.com/inward/record.uri?eid=2-s2.0-85032850702&doi=10.1142%2f9789812836304_fmatter&partnerID=40&md5=a6c37b044c130b443ed3f090ccf5b7c1"
"Sicilia M.-A.","Metadata research: Making digital resources useful again?",2013,"Handbook of Metadata, Semantics and Ontologies",,,,"1","8",,"10.1142/9789812836304_0001","https://www.scopus.com/inward/record.uri?eid=2-s2.0-84969668408&doi=10.1142%2f9789812836304_0001&partnerID=40&md5=5068c56fdf80920483b9892855360578"
"Sicilia M.-A.","Handbook of metadata, semantics and ontologies",2013,"Handbook of Metadata, Semantics and Ontologies",,,,"1","570",,"10.1142/7077","https://www.scopus.com/inward/record.uri?eid=2-s2.0-84969627640&doi=10.1142%2f7077&partnerID=40&md5=7d29554f55178149092f4eca511b001c"
"Lytras M.D., Sicilia M.-Á., Cechinel C.","The value and cost of metadata",2013,"Handbook of Metadata, Semantics and Ontologies",,,,"41","62",,"10.1142/9789812836304_0003","https://www.scopus.com/inward/record.uri?eid=2-s2.0-84969722215&doi=10.1142%2f9789812836304_0003&partnerID=40&md5=4687f44b2c6e543c6b2db67215ac21d9"
"Rajabi E., Sicilia M.-A., Sánchez-Alonso S.","A Simple Approach towards SKOSification of Digital Repositories",2013,"Communications in Computer and Information Science","390 CCIS",,,"67","74",,"10.1007/978-3-319-03437-9_8","https://www.scopus.com/inward/record.uri?eid=2-s2.0-84904614294&doi=10.1007%2f978-3-319-03437-9_8&partnerID=40&md5=a9c34f590d831f9dc99dfcb1f45f5c41"
"Lappalainen J., Sicilia M.-Á., Hernández B.","Automatic hypothesis checking using escience research infrastructures, ontologies, and linked data: A case study in climate change research",2013,"Procedia Computer Science","18",,,"1172","1178",,"10.1016/j.procs.2013.05.283","https://www.scopus.com/inward/record.uri?eid=2-s2.0-84896963419&doi=10.1016%2fj.procs.2013.05.283&partnerID=40&md5=6439ff444a6d238c5f6b7a18ab058992"
"Nogales A., Sicilia M.-A., García-Barriocanal E., Sánchez-Alonso S.","Exploring the Potential for Mapping Schema.org Microdata and the Web of Linked Data",2013,"Communications in Computer and Information Science","390 CCIS",,,"266","276",,"10.1007/978-3-319-03437-9_27","https://www.scopus.com/inward/record.uri?eid=2-s2.0-84904679164&doi=10.1007%2f978-3-319-03437-9_27&partnerID=40&md5=3445c15a01e2c82d610a02cb6e7f0510"
"Cechinel C., Sicilia M.-A., Sánchez-Alonso S., García-Barriocanal E.","Evaluating collaborative filtering recommendations inside large learning object repositories",2013,"Information Processing and Management","49","1",,"34","50",,"10.1016/j.ipm.2012.07.004","https://www.scopus.com/inward/record.uri?eid=2-s2.0-84870293981&doi=10.1016%2fj.ipm.2012.07.004&partnerID=40&md5=9daa5c688780a20bb5a76c00ae4912ae"
"Lorenzo C.-M., Lezcano L., Vecino C., Sicilia M.-A.","SLRoute: Learning Spanish in immersive environments through the Way of St. James",2012,"2012 International Symposium on Computers in Education, SIIE 2012",,, 6403211,"","",,,"https://www.scopus.com/inward/record.uri?eid=2-s2.0-84873164177&partnerID=40&md5=d8e226811264409d40f1c51f50d6f337"
"Cechinel C., Da Camargo S.S., Ochoa X., Alonso S.S., Sicilia M.-A.","Populating learning object repositories with hidden internal quality information",2012,"CEUR Workshop Proceedings","896",,,"11","22",,,"https://www.scopus.com/inward/record.uri?eid=2-s2.0-84893183219&partnerID=40&md5=1d4843ac043eec58c66cfb044c0c9850"
"Geser G., Jaques Y., Manouselis N., Protonotarios V., Keizer J., Sicilia M.","Building Blocks for a Data Infrastructure and Services to Empower Agricultural Research Communities",2012,"Agris On-line Papers in Economics and Informatics","4","4",,"11","18",,,"https://www.scopus.com/inward/record.uri?eid=2-s2.0-84874059367&partnerID=40&md5=ef8263fb597cdb0d926574c32bce1237"
"Cechinel C., Da Silva Camargo S., Sánchez-Alonso S., Sicilia M.-Á.","On the search for intrinsic quality metrics of learning objects",2012,"Communications in Computer and Information Science","343 CCIS",,,"49","60",,"10.1007/978-3-642-35233-1_5","https://www.scopus.com/inward/record.uri?eid=2-s2.0-84869807468&doi=10.1007%2f978-3-642-35233-1_5&partnerID=40&md5=3d2b864aa156db198cbc10bf6ee7deaf"
"García-Barriocanal E., Sicilia M.-A., Sánchez-Alonso S.","Computing with competencies: Modelling organizational capacities",2012,"Expert Systems with Applications","39","16",,"12310","12318",,"10.1016/j.eswa.2012.02.194","https://www.scopus.com/inward/record.uri?eid=2-s2.0-84864439463&doi=10.1016%2fj.eswa.2012.02.194&partnerID=40&md5=b9e10b27ec9cc23187a23e2f6c39efbc"
"Garre-Rubio M., García-Barriocanal E., Siakas K., Sicilia M.-A., Koinig S., Messnarz R., Clarke A.","Analysing the corporate responsibility Web pages of consumer electronics companies: Implications for process improvement",2012,"IET Software","6","5",,"451","460",,"10.1049/iet-sen.2011.0207","https://www.scopus.com/inward/record.uri?eid=2-s2.0-84867371713&doi=10.1049%2fiet-sen.2011.0207&partnerID=40&md5=9d5c66923c6a8acb82ba45e44d980eec"
"Vidal-Castro C., Sicilia M.-A., Prieto M.","Representing instructional design methods using ontologies and rules",2012,"Knowledge-Based Systems","33",,,"180","194",,"10.1016/j.knosys.2012.04.005","https://www.scopus.com/inward/record.uri?eid=2-s2.0-84861651998&doi=10.1016%2fj.knosys.2012.04.005&partnerID=40&md5=2ee24022ae38fd6e10c22fa5fb9f6f53"
"Messnarz R., Ekert D., Reiner M., Sicilia M.A.","Europe wide industry certification using standard procedures based on ISO 17024",2012,"Proceedings - 2012 Technologies Applied to Electronics Teaching, TAEE 2012",,, 6235462,"342","347",,"10.1109/TAEE.2012.6235462","https://www.scopus.com/inward/record.uri?eid=2-s2.0-84864659032&doi=10.1109%2fTAEE.2012.6235462&partnerID=40&md5=86b2c3d9ff42f2f9658e96752362c274"
"Sicilia M.A., Rodríguez D., García-Barriocanal E., Sánchez-Alonso S.","Empirical findings on ontology metrics",2012,"Expert Systems with Applications","39","8",,"6706","6711",,"10.1016/j.eswa.2011.11.094","https://www.scopus.com/inward/record.uri?eid=2-s2.0-84857641962&doi=10.1016%2fj.eswa.2011.11.094&partnerID=40&md5=c1184bee65abf9309703084a4ec65309"
"Tello J.C., Sicilia M.-A., Carrero A.M., Nuzzi C.R.-S., Sicilia J.-J.","Medical terminology browsers: How usable are them for describing clinical archetypes?",2012,"HEALTHINF 2012 - Proceedings of the International Conference on Health Informatics",,,,"413","418",,,"https://www.scopus.com/inward/record.uri?eid=2-s2.0-84861979775&partnerID=40&md5=48d7920d4560275c6f4bd29b8e94aed1"
"Lezcano L., Sánchez-Alonso S., Sicilia M.-A.","Associating clinical archetypes through UMLS metathesaurus term clusters",2012,"Journal of Medical Systems","36","3",,"1249","1258",,"10.1007/s10916-010-9586-9","https://www.scopus.com/inward/record.uri?eid=2-s2.0-84864032675&doi=10.1007%2fs10916-010-9586-9&partnerID=40&md5=b4172abbe24a1167975a453985d4c1ec"
"Joerg B., Ruiz-Rube I., Sicilia M.-A., Dvoák J., Jeffery K., Hoellrigl T., Rasmussen H.S., Engfer A., Vestdam T., Barriocanal E.G.","Connecting closed world research information systems through the linked open data web",2012,"International Journal of Software Engineering and Knowledge Engineering","22","3",,"345","364",,"10.1142/S0218194012400074","https://www.scopus.com/inward/record.uri?eid=2-s2.0-84863425045&doi=10.1142%2fS0218194012400074&partnerID=40&md5=e0d4d5788c239c0526116d51f425477c"
"Lezcano L., García-Barriocanal E., Sicilia M.-A.","Bridging informal tagging and formal semantics via hybrid navigation",2012,"Journal of Information Science","38","2",,"140","155",,"10.1177/0165551511435882","https://www.scopus.com/inward/record.uri?eid=2-s2.0-84861794525&doi=10.1177%2f0165551511435882&partnerID=40&md5=367e6813be565c3e1c24f112fb2d0695"
"Valiente M.-C., Garcia-Barriocanal E., Sicilia M.-A.","Applying an ontology approach to IT service management for business-IT integration",2012,"Knowledge-Based Systems","28",,,"76","87",,"10.1016/j.knosys.2011.12.003","https://www.scopus.com/inward/record.uri?eid=2-s2.0-84856217239&doi=10.1016%2fj.knosys.2011.12.003&partnerID=40&md5=c038c39627aca1ecc5c770c932347c9f"
"Samaras L., Garca-Barriocanal E., Sicilia M.-A.","Syndromic surveillance models using Web data: The case of scarlet fever in the UK",2012,"Informatics for Health and Social Care","37","2",,"106","124",,"10.3109/17538157.2011.647934","https://www.scopus.com/inward/record.uri?eid=2-s2.0-84857598348&doi=10.3109%2f17538157.2011.647934&partnerID=40&md5=63930251c73a11d668b2043c6c162ce6"
"Rodríguez D., Sicilia M.A., García E., Harrison R.","Empirical findings on team size and productivity in software development",2012,"Journal of Systems and Software","85","3",,"562","570",,"10.1016/j.jss.2011.09.009","https://www.scopus.com/inward/record.uri?eid=2-s2.0-84857361268&doi=10.1016%2fj.jss.2011.09.009&partnerID=40&md5=247dabc541019a5c2ffd28673cd89a32"
"Lezcano L., García-Barriocanal E., Sicilia M.-A.","Contrasting knowledge organization systems for the description of research products: The case of overlapping in the agricultural domain",2012,"Procedia Computer Science","9",,,"1571","1577",,"10.1016/j.procs.2012.04.172","https://www.scopus.com/inward/record.uri?eid=2-s2.0-84896953012&doi=10.1016%2fj.procs.2012.04.172&partnerID=40&md5=acc5e8eb788e137e5864ebf6a248faa5"
"Jörg B., Höllrigl T., Sicilia M.-A.","Entities and identities in research information systems",2012,"CRIS 2012: e-Infrastructures for Research and Innovation - Linking Information Systems to Improve Scientific Knowledge Production - 11th International Conf. on Current Research Information Systems",,,,"185","194",,,"https://www.scopus.com/inward/record.uri?eid=2-s2.0-84893929999&partnerID=40&md5=43c4a1691e518a429418fec2421a8c31"
"Sartori F., Sicilia M.-A., Kop C.","Workshop on Ontology, Models, Conceptualization and Epistemology in Social, Artificial and Natural Systems: ONTOSE",2012,"Lecture Notes in Business Information Processing","112 LNBIP",,,"XIII","XIV",,,"https://www.scopus.com/inward/record.uri?eid=2-s2.0-84864716100&partnerID=40&md5=10733c6aa82f9a9f0813094f3d59bdfb"
"Lezcano L., Jörg B., Sicilia M.-A.","Modeling the context of scientific information: Mapping VIVO and CERIF",2012,"Lecture Notes in Business Information Processing","112 LNBIP",,,"123","129",,"10.1007/978-3-642-31069-0_11","https://www.scopus.com/inward/record.uri?eid=2-s2.0-84864667370&doi=10.1007%2f978-3-642-31069-0_11&partnerID=40&md5=000e30286c10e77c423666930898c3a8"
"Valiente M.-C., García-Barriocanal E., Sicilia M.-Á.","Applying ontology-based models for supporting integrated software development and IT service management processes",2012,"IEEE Transactions on Systems, Man and Cybernetics Part C: Applications and Reviews","42","1", 5766768,"61","74",,"10.1109/TSMCC.2011.2132717","https://www.scopus.com/inward/record.uri?eid=2-s2.0-84655162201&doi=10.1109%2fTSMCC.2011.2132717&partnerID=40&md5=27d1d9ab5eda85918e1b452ce08bc13d"
"Minguillón J., Sicilia M.-A., Lamb B.","From content management to E-learning content repositories",2011,"Content Management for E-Learning",,,,"27","41",,"10.1007/978-1-4419-6959-0_2","https://www.scopus.com/inward/record.uri?eid=2-s2.0-81455160254&doi=10.1007%2f978-1-4419-6959-0_2&partnerID=40&md5=7ee7e9367ca72862eb64bccaaf40f3c4"
"Sicilia M.-A., Ebner H., Sánchez-Alonso S., Álvarez F., Abián A., García-Barriocanal E.","Navigating learning resources through linked data: A preliminary report on the re-design of organic.edunet",2011,"CEUR Workshop Proceedings","717",,,"","",8,,"https://www.scopus.com/inward/record.uri?eid=2-s2.0-84891907482&partnerID=40&md5=be7a7a7428ae61e0e2a0ea1248fe1fe5"
"Amador C.E.V., Rodríguez F.J.Á., González L.G., Sicilia M.A., Tavarez J.M.M., Arteaga J.M.","An experience in the massive development of learning objects using quality parameters and a well-defined management process [Una experiencia en el desarrollo masivo de objetos de aprendizaje empleando parámetros de calidad y un proceso de gestión bien definido]",2011,"Revista Iberoamericana de Tecnologias del Aprendizaje","6","4", A2,"155","163",,,"https://www.scopus.com/inward/record.uri?eid=2-s2.0-84859834192&partnerID=40&md5=14af8fad18dccde1e1f2d4f8d19d2b7a"
"Lezcano L., Sicilia M.-A.","Connectivity and semantic patterns in automatically generated SNOMED-CT subsets",2011,"Communications in Computer and Information Science","240 CCIS",,,"117","125",,"10.1007/978-3-642-24731-6_11","https://www.scopus.com/inward/record.uri?eid=2-s2.0-80054064586&doi=10.1007%2f978-3-642-24731-6_11&partnerID=40&md5=a3a1c138fc2a865fb6809807bedd7dc6"
"Rodríguez-Solano C., Cáceres J., Sicilia M.-Á.","Generating SNOMED CT subsets from clinical glossaries: An exploration using clinical guidelines",2011,"Communications in Computer and Information Science","221 CCIS","PART 3",,"117","127",,"10.1007/978-3-642-24352-3_13","https://www.scopus.com/inward/record.uri?eid=2-s2.0-80054081311&doi=10.1007%2f978-3-642-24352-3_13&partnerID=40&md5=b6d54bf35ea835101384d029074b2b6a"
"Santos L., Sicilia M.-A., Padrino S.","Ontologies for emergency response: Effect-based assessment as the main ontological commitment",2011,"Communications in Computer and Information Science","240 CCIS",,,"93","104",,"10.1007/978-3-642-24731-6_9","https://www.scopus.com/inward/record.uri?eid=2-s2.0-80054077760&doi=10.1007%2f978-3-642-24731-6_9&partnerID=40&md5=ce6673a0fc2b7889b2d95c7d05bfee77"
"Cechinel C., Sánchez-Alonso S., Sicilia M.-Á., De Azevedo Simões P.W.T.","Exploring the development of endorsed learning resources profiles in the connexions repository",2011,"Communications in Computer and Information Science","240 CCIS",,,"12","21",,"10.1007/978-3-642-24731-6_2","https://www.scopus.com/inward/record.uri?eid=2-s2.0-80054070005&doi=10.1007%2f978-3-642-24731-6_2&partnerID=40&md5=1c23e9f157e3ea74bac5c053fea4d09e"
"Protonotarios V., Gavrilut L., Athanasiadis I.N., Hatzakis I., Sicilia M.-A.","Introducing a content integration process for a federation of agricultural institutional repositories",2011,"Communications in Computer and Information Science","240 CCIS",,,"467","477",,"10.1007/978-3-642-24731-6_46","https://www.scopus.com/inward/record.uri?eid=2-s2.0-80054087919&doi=10.1007%2f978-3-642-24731-6_46&partnerID=40&md5=f9f5a84c2a189e51f4730d4c4b9682bf"
"Sicilia M.-A., Sánchez-Alonso S., García-Barriocanal E.","Comparing impact factors from two different citation databases: The case of Computer Science",2011,"Journal of Informetrics","5","4",,"698","704",,"10.1016/j.joi.2011.01.007","https://www.scopus.com/inward/record.uri?eid=2-s2.0-80054040278&doi=10.1016%2fj.joi.2011.01.007&partnerID=40&md5=62f1a535a3c87b7469895ff5514c2d01"
"Rodríguez D., Sicilia M.A., Sánchez-Alonso S., Lezcano L., García-Barriocanal E.","Exploring affiliation network models as a collaborative filtering mechanism in e-learning",2011,"Interactive Learning Environments","19","4",,"317","331",,"10.1080/10494820903148610","https://www.scopus.com/inward/record.uri?eid=2-s2.0-80051605609&doi=10.1080%2f10494820903148610&partnerID=40&md5=fd97f32e5934adcf1dcfdcbc76eb1e69"
"Ocampo E., MacEiras M., Herrera S., Maurente C., Rodríguez D., Sicilia M.A.","Comparing Bayesian inference and case-based reasoning as support techniques in the diagnosis of Acute Bacterial Meningitis",2011,"Expert Systems with Applications","38","8",,"10343","10354",,"10.1016/j.eswa.2011.02.055","https://www.scopus.com/inward/record.uri?eid=2-s2.0-79953713647&doi=10.1016%2fj.eswa.2011.02.055&partnerID=40&md5=070563ec52eff38413581dbc1997116f"
"Sicilia M.A., Lytras M.D., Sánchez-Alonso S., García-Barriocanal E., Zapata-Ros M.","Modeling instructional-design theories with ontologies: Using methods to check, generate and search learning designs",2011,"Computers in Human Behavior","27","4",,"1389","1398",,"10.1016/j.chb.2010.07.040","https://www.scopus.com/inward/record.uri?eid=2-s2.0-79955754161&doi=10.1016%2fj.chb.2010.07.040&partnerID=40&md5=76494e831206cfc4b3d25dacab39e373"
"Dodero J.M., Sicilia M.-Á., Minguillón J.","International Journal of Engineering Education: Guest editorial",2011,"International Journal of Engineering Education","27","1 PART 1",,"","",,,"https://www.scopus.com/inward/record.uri?eid=2-s2.0-79958834593&partnerID=40&md5=61dcf9a6764a1c846bae5e32c0a6afec"
"Mena-Garcés E., García-Barriocanal E., Sicilia M.-A., Sánchez-Alonso S.","Moving from dataset metadata to semantics in ecological research: A case in translating EML to OWL",2011,"Procedia Computer Science","4",,,"1622","1630",,"10.1016/j.procs.2011.04.175","https://www.scopus.com/inward/record.uri?eid=2-s2.0-79958262874&doi=10.1016%2fj.procs.2011.04.175&partnerID=40&md5=984e01d1f339eab8d038e1cfc0d31634"
"Lezcano L., Sicilia M.-A., Rodríguez-Solano C.","Integrating reasoning and clinical archetypes using OWL ontologies and SWRL rules",2011,"Journal of Biomedical Informatics","44","2",,"343","353",,"10.1016/j.jbi.2010.11.005","https://www.scopus.com/inward/record.uri?eid=2-s2.0-79952748773&doi=10.1016%2fj.jbi.2010.11.005&partnerID=40&md5=9de62823696878286d520c7d980c696d"
"Valiente M.-C., Machín R., García-Barriocanal E., Sicilia M.-Á.","An ontology-based integrated approach to situation awareness for high-level information fusion in C4ISR",2011,"Lecture Notes in Business Information Processing","83 LNBIP",,,"513","527",,"10.1007/978-3-642-22056-2_53","https://www.scopus.com/inward/record.uri?eid=2-s2.0-79960335098&doi=10.1007%2f978-3-642-22056-2_53&partnerID=40&md5=e761cce337b39aa64094ab96dc626258"
"García-Barriocanal E., Sicilia M.-A., Sánchez-Alonso S., Lytras M.","Semantic annotation of video fragments as learning objects: A case study with YouTube videos and the Gene Ontology",2011,"Interactive Learning Environments","19","1",,"25","44",,"10.1080/10494820.2011.528879","https://www.scopus.com/inward/record.uri?eid=2-s2.0-78751625872&doi=10.1080%2f10494820.2011.528879&partnerID=40&md5=fd378f880c9d3bb69ee1edaa05235316"
"Sánchez-Alonso S., Sicilia M.-A., García-Barriocanal E., Pagés-Arévalo C., Lezcano L.","Social models in open learning object repositories: A simulation approach for sustainable collections",2011,"Simulation Modelling Practice and Theory","19","1",,"110","120",,"10.1016/j.simpat.2010.06.022","https://www.scopus.com/inward/record.uri?eid=2-s2.0-78049409646&doi=10.1016%2fj.simpat.2010.06.022&partnerID=40&md5=49763d743fc93cffb34a44ce6db2dd40"
"Sicilia M.-Á.","On modeling research work for describing and filtering scientific information",2010,"Communications in Computer and Information Science","108 CCIS",,,"247","254",,"10.1007/978-3-642-16552-8_23","https://www.scopus.com/inward/record.uri?eid=2-s2.0-78649556205&doi=10.1007%2f978-3-642-16552-8_23&partnerID=40&md5=6c4d2d44740a164465d2905471dbfe0c"
"Cechinel C., Sánchez-Alonso S., Sicilia M.-Á., De Mattos M.C.","Descriptive analysis of learning object material types in MERLOT",2010,"Communications in Computer and Information Science","108 CCIS",,,"331","341",,"10.1007/978-3-642-16552-8_30","https://www.scopus.com/inward/record.uri?eid=2-s2.0-78649556204&doi=10.1007%2f978-3-642-16552-8_30&partnerID=40&md5=af7c93bc19e41436c37be1e4240eb2f7"
"Sicilia M.-A., Kop C., Sartori F.","Guest Editors' introduction",2010,"International Journal of Software Engineering and Knowledge Engineering","20","4",,"457","458",,"10.1142/S0218194010004840","https://www.scopus.com/inward/record.uri?eid=2-s2.0-77957906979&doi=10.1142%2fS0218194010004840&partnerID=40&md5=00576407825a7aeac88b5b7f4a3c974d"
"Arroyo S., Sicilia M.-A.","Architecture and algorithms of the sophie choreography framework",2010,"Journal of Intelligent Information Systems","34","2",,"193","221",,"10.1007/s10844-009-0085-8","https://www.scopus.com/inward/record.uri?eid=2-s2.0-77952426668&doi=10.1007%2fs10844-009-0085-8&partnerID=40&md5=36ab6d3ff97b570b408822349613cd4a"
"Sicilia Urban M.A., Prieto Martin M.J.","Analyzing the structure and complexity of a service provision network: Potential applications to network assessment",2010,"Management of the Interconnected World - ItAIS: The Italian Association for Information Systems",,,,"45","52",,"10.1007/978-3-7908-2404-9_6","https://www.scopus.com/inward/record.uri?eid=2-s2.0-84901659510&doi=10.1007%2f978-3-7908-2404-9_6&partnerID=40&md5=de9bc36fcaf765e03b6f162ccf731db4"
"Sicilia M.-A., Mora M.","On using the REA enterprise ontology as a foundation for service system representations",2010,"Lecture Notes in Business Information Processing","62 LNBIP",,,"135","147",,"10.1007/978-3-642-16496-5_10","https://www.scopus.com/inward/record.uri?eid=2-s2.0-78649830945&doi=10.1007%2f978-3-642-16496-5_10&partnerID=40&md5=f08337108c3b773191b19d602d83f935"
"Manouselis N., Sicilia M.A., Rodríguez D.","Exploring ontology metrics in the biomedical domain",2010,"Procedia Computer Science","1","1",,"2319","2328",,"10.1016/j.procs.2010.04.260","https://www.scopus.com/inward/record.uri?eid=2-s2.0-78650258918&doi=10.1016%2fj.procs.2010.04.260&partnerID=40&md5=e3d8698ef121baad4985c4fc41ee9b40"
"Sicilia M.-A., Kop C., Sartori F.","Lecture Notes in Business Information Processing: Preface",2010,"Lecture Notes in Business Information Processing","62 LNBIP",,,"V","VI",,,"https://www.scopus.com/inward/record.uri?eid=2-s2.0-78649873544&partnerID=40&md5=0e148b575603154c75f4a525f3a55064"
"Sicilia M.-Á., García-Barriocanal E., Sánchez-Alonso S., Cechinel C.","Exploring user-based recommender results in large learning object repositories: The case of MERLOT",2010,"Procedia Computer Science","1","2",,"2865","2870",,"10.1016/j.procs.2010.08.012","https://www.scopus.com/inward/record.uri?eid=2-s2.0-78650236448&doi=10.1016%2fj.procs.2010.08.012&partnerID=40&md5=53e3439f7e936e85ee0c89f9d314a23b"
"Sicilia M.-A., Lytras M.D.","Preface",2009,"Metadata and Semantics",,,,"v","vii",,"10.1007/978-0-387-77745-0","https://www.scopus.com/inward/record.uri?eid=2-s2.0-84892807307&doi=10.1007%2f978-0-387-77745-0&partnerID=40&md5=92f8ebb1fe10204bdec88a1fa4ca0324"
"Sicilia M.-A., Lytras M.D.","Metadata and semantics",2009,"Metadata and Semantics",,,,"1","550",,"10.1007/978-0-387-77745-0","https://www.scopus.com/inward/record.uri?eid=2-s2.0-84892790029&doi=10.1007%2f978-0-387-77745-0&partnerID=40&md5=6a912b83bee076001447a2afe235cbe3"
"Lytras M., Sicilia M.-A.","Software process as a service? Bridging service design and the software process",2009,"CEUR Workshop Proceedings","460",,,"121","127",,,"https://www.scopus.com/inward/record.uri?eid=2-s2.0-84887100818&partnerID=40&md5=1e50f04e03446ae074ab869c329f016c"
"Rodríguez D., Sicilia M.-A.","Defining SPEM 2 process constraints with semantic rules using SWRL",2009,"CEUR Workshop Proceedings","460",,,"95","104",,,"https://www.scopus.com/inward/record.uri?eid=2-s2.0-84887097219&partnerID=40&md5=eb882bb74024c3630b1f710eb8b62f6e"
"Sánchez-Alonso S., Sicilia M.-A.","Using an AGROVOC-based ontology for the description of learning resources on organic agriculture",2009,"Metadata and Semantics",,,,"481","492",,"10.1007/978-0-387-77745-0_47","https://www.scopus.com/inward/record.uri?eid=2-s2.0-70450135296&doi=10.1007%2f978-0-387-77745-0_47&partnerID=40&md5=06fb9b07fc45066aa2b41a30838b8d72"
"Kop C., Sicilia M.-A., Sartori F.","Preface",2009,"CEUR Workshop Proceedings","460",,,"","",1,,"https://www.scopus.com/inward/record.uri?eid=2-s2.0-84887103067&partnerID=40&md5=7e1092c45952c484f9ac9518650212e3"
"Jones N., Meadow C., Sicilia M.-A.","Measuring intellectual capital in higher education",2009,"Journal of Information and Knowledge Management","8","2",,"113","136",,"10.1142/S0219649209002282","https://www.scopus.com/inward/record.uri?eid=2-s2.0-84861679311&doi=10.1142%2fS0219649209002282&partnerID=40&md5=b8463e087266cec2d38ef498ec620c07"
"Sicilia M.-A., Sánchez-Alonso S., García-Barriocanal E., Rodríguez-García D.","Exploring structural prestige in learning object repositories: Some insights from examining references in MERLOT",2009,"International Conference on Intelligent Networking and Collaborative Systems, INCoS 2009",,, 5370950,"212","218",,"10.1109/INCOS.2009.12","https://www.scopus.com/inward/record.uri?eid=2-s2.0-77649299241&doi=10.1109%2fINCOS.2009.12&partnerID=40&md5=0e3521040b08563325b1d1cf8d8ad6ca"
"Arroyo S., Sicilia M.-Á.","Modeling learning technology interaction using Sophie: Main mappings and example usage scenarios",2009,"Lecture Notes in Computer Science (including subseries Lecture Notes in Artificial Intelligence and Lecture Notes in Bioinformatics)","5736 LNAI",,,"128","136",,"10.1007/978-3-642-04754-1_14","https://www.scopus.com/inward/record.uri?eid=2-s2.0-70350599896&doi=10.1007%2f978-3-642-04754-1_14&partnerID=40&md5=e13710af785902e84fe20d1d0be49a13"
"Sicilia M.-Á., Santos L.","Main elements of a basic ontology of infrastructure interdependency for the assessment of incidents",2009,"Lecture Notes in Computer Science (including subseries Lecture Notes in Artificial Intelligence and Lecture Notes in Bioinformatics)","5736 LNAI",,,"533","542",,"10.1007/978-3-642-04754-1_54","https://www.scopus.com/inward/record.uri?eid=2-s2.0-70350585069&doi=10.1007%2f978-3-642-04754-1_54&partnerID=40&md5=252a68b5bfcdcc31b09c4692655d6ca8"
"García-Barriocanal E., Sicilia M.A.","Preliminary explorations on the statistical profiles of highly-rated learning objects",2009,"Communications in Computer and Information Science","46",,,"108","117",,"10.1007/978-3-642-04590-5_10","https://www.scopus.com/inward/record.uri?eid=2-s2.0-70350114414&doi=10.1007%2f978-3-642-04590-5_10&partnerID=40&md5=f8a14b2a9857b8284c961822138f379a"
"Sartori F., Manouselis N., Sicilia Ḿ.A.","Communications in Computer and Information Science: Preface",2009,"Communications in Computer and Information Science","46",,,"","",,,"https://www.scopus.com/inward/record.uri?eid=2-s2.0-70350120584&partnerID=40&md5=15aac9ac13fcc2d1f4f157b51acc454a"
"Rodríguez M.E., Conesa J., Sicilia M.A.","Clarifying the semantics of relationships between learning objects",2009,"Communications in Computer and Information Science","46",,,"35","47",,"10.1007/978-3-642-04590-5_4","https://www.scopus.com/inward/record.uri?eid=2-s2.0-70350111145&doi=10.1007%2f978-3-642-04590-5_4&partnerID=40&md5=a07aea9a10d386ac5e0d92af2ad84bdd"
"Cechinel C., Sánchez-Alonso S., Sicilia M.A.","Empirical analysis of errors on human-generated learning objects metadata",2009,"Communications in Computer and Information Science","46",,,"60","70",,"10.1007/978-3-642-04590-5_6","https://www.scopus.com/inward/record.uri?eid=2-s2.0-70350103837&doi=10.1007%2f978-3-642-04590-5_6&partnerID=40&md5=0f58722226b7738136abce252613b8bc"
"Sicilia M.-A.","Editorial",2009,"The Electronic Library","27","5",,"3","16",,"10.1108/el.2009.26327eaa.001","https://www.scopus.com/inward/record.uri?eid=2-s2.0-85001146606&doi=10.1108%2fel.2009.26327eaa.001&partnerID=40&md5=a643085703620f79ad619d5fe1d2422f"
"Sicilia M.-A., García-Barriocanal E., Sánchez-Alonso S., Rodríguez-Garca D.","Ontologies of engineering knowledge: General structure and the case of Software Engineering",2009,"Knowledge Engineering Review","24","3",,"309","326",,"10.1017/S0269888909990087","https://www.scopus.com/inward/record.uri?eid=2-s2.0-74049164545&doi=10.1017%2fS0269888909990087&partnerID=40&md5=2511355b91a02aa0b802e6648ee90e9c"
"Perez J.M.G., Kohler S., Melero R., Serrano P., Lezcano L., Sicilia M.A., Iglesias A., Castro E., Rubio M., Buenaga M.D.","TOWARDS INTEROPERABILITY IN e-HEALTH SYSTEMS: A Three-Dimensional Approach based on Standards and Semantics",2009,"HEALTHINF 2009 - Proceedings of the 2nd International Conference on Health Informatics",,,,"205","210",,,"https://www.scopus.com/inward/record.uri?eid=2-s2.0-77954656404&partnerID=40&md5=3eb749f1bb21a610235051bed66a3f86"
"Sicilia J.-J., Sicilia M.-A., Sánchez-Alonso S., García-Barriocanal E., Pontikaki M.","Knowledge representation issues in ontology-based clinical knowledge management systems",2009,"International Journal of Technology Management","47","1-3",,"191","206",,,"https://www.scopus.com/inward/record.uri?eid=2-s2.0-63849340409&partnerID=40&md5=58418127928bc7937803b14f27b59c53"
"Sicilia M.-A., García-Barriocanal E., Sánchez-Alonso S.","Empirical assessment of a collaborative filtering algorithm based on OWA operators",2008,"International Journal of Intelligent Systems","23","12 SPEC. ISS.",,"1251","1263",,"10.1002/int.20318","https://www.scopus.com/inward/record.uri?eid=2-s2.0-56749173299&doi=10.1002%2fint.20318&partnerID=40&md5=c28f57714f0fa7bb865c3ee20adbc4cd"
"Sánchez-Alonso S., Sicilia M.A., López-Cobo J.M., Arroyo S.","Design by contract-based selection and composition of learning objects",2008,"Computers and Education: E-Learning, From Theory to Practice",,,,"179","191",,"10.1007/978-1-4020-4914-9_16","https://www.scopus.com/inward/record.uri?eid=2-s2.0-84892245487&doi=10.1007%2f978-1-4020-4914-9_16&partnerID=40&md5=811468e1cf6aed2e3e4ef7dbccb1e994"
"Rejas-Muslera R.J., Cuadrado J.J., Abran A., Sicília M.A.","Information economy philosophy in universal education. The Open Educational Resources (OER): Technical, socioeconomics and legal aspects",2008,"IEEE International Professional Communication Conference",,, 4610233,"","",,,"https://www.scopus.com/inward/record.uri?eid=2-s2.0-78650759887&partnerID=40&md5=1be65559b1100b690a36f04610c1a597"
"Lezcano L., Sicilia M.-A., Serrano-Balazote P.","Combining OpenEHR archetype definitions with SWRL rules - a translation approach",2008,"Lecture Notes in Computer Science (including subseries Lecture Notes in Artificial Intelligence and Lecture Notes in Bioinformatics)","5288 LNAI",,,"79","87",,"10.1007/978-3-540-87781-3_9","https://www.scopus.com/inward/record.uri?eid=2-s2.0-56649102042&doi=10.1007%2f978-3-540-87781-3_9&partnerID=40&md5=bc963b2d4d6862982ae34ccda4eaa545"
"Korfiatis N., Rodríguez D., Sicilia M.-A.","The impact of readability on the usefulness of online product reviews: A case study on an online bookstore",2008,"Lecture Notes in Computer Science (including subseries Lecture Notes in Artificial Intelligence and Lecture Notes in Bioinformatics)","5288 LNAI",,,"423","432",,"10.1007/978-3-540-87781-3_46","https://www.scopus.com/inward/record.uri?eid=2-s2.0-56649095682&doi=10.1007%2f978-3-540-87781-3_46&partnerID=40&md5=89240402508608f686f1c33733b285c4"
"Arroyo S., Sicilia M.-A.","SOPHIE: Use case and evaluation",2008,"Information and Software Technology","50","12",,"1266","1280",,"10.1016/j.infsof.2008.01.001","https://www.scopus.com/inward/record.uri?eid=2-s2.0-51449083857&doi=10.1016%2fj.infsof.2008.01.001&partnerID=40&md5=6b398a8dfc18f079faa08e87b67d5b3a"
"Aroba J., Cuadrado-Gallego J.J., Sicilia M.-A., Ramos I., García-Barriocanal E.","Segmented software cost estimation models based on fuzzy clustering",2008,"Journal of Systems and Software","81","11",,"1944","1950",,"10.1016/j.jss.2008.01.016","https://www.scopus.com/inward/record.uri?eid=2-s2.0-52049112321&doi=10.1016%2fj.jss.2008.01.016&partnerID=40&md5=bffebf785943b23809fc8692363d9285"
"Cuadrado-Gallego J.J., Garre M., Rejas R.J., Sicilia M.-Á.","Analysis of Software Functional Size Databases",2008,"Lecture Notes in Computer Science (including subseries Lecture Notes in Artificial Intelligence and Lecture Notes in Bioinformatics)","4895 LNCS",,,"195","202",,"10.1007/978-3-540-85553-8_16","https://www.scopus.com/inward/record.uri?eid=2-s2.0-54249110015&doi=10.1007%2f978-3-540-85553-8_16&partnerID=40&md5=5de923221166ff2e84846039c55ea7c1"
"Sicilia M.-A., Rodríguez D.","Exploring cohesion, flexibility, communication overhead and distribution for Web services interfaces in computational science",2008,"Lecture Notes in Computer Science (including subseries Lecture Notes in Artificial Intelligence and Lecture Notes in Bioinformatics)","5103 LNCS","PART 3",,"368","375",,"10.1007/978-3-540-69389-5_42","https://www.scopus.com/inward/record.uri?eid=2-s2.0-47749130499&doi=10.1007%2f978-3-540-69389-5_42&partnerID=40&md5=0ad1c9a20a6aba94ab057b5fe331465e"
"Arroyo S., Sicilia M.-A., López-Cobo J.-M.","Patterns of message interchange in decoupled hypermedia systems",2008,"Journal of Network and Computer Applications","31","2",,"75","92",,"10.1016/j.jnca.2006.03.008","https://www.scopus.com/inward/record.uri?eid=2-s2.0-40749118888&doi=10.1016%2fj.jnca.2006.03.008&partnerID=40&md5=118983dd186b810b798f44e8ae6b99e5"
"Sánchez Alonso S., Sicilia Urbán M.Á., de Rato Leguina G.","On the semantic interoperability of digital archival descriptions [Sobre la interoperabilidad semántica en las descripciones archivísticas digitales]",2008,"Revista Espanola de Documentacion Cientifica","31","1",,"11","38",,"10.3989/redc.2008.v31.i1.410","https://www.scopus.com/inward/record.uri?eid=2-s2.0-42549172329&doi=10.3989%2fredc.2008.v31.i1.410&partnerID=40&md5=ab7f3ac4af5262fcf9f982b228af13a8"
"García-Barriocanal E., Sicilia M.-A.","On linking cultural spaces and e-tourism: An ontology-based approach",2008,"Communications in Computer and Information Science","19",,,"694","701",,,"https://www.scopus.com/inward/record.uri?eid=2-s2.0-85025065075&partnerID=40&md5=f30d778ef5e47940864a633c2aacd49d"
"García-Barriocanal E., Sicilia M.","Representing evidence about interpersonal relationships of public people in the Semantic Web",2007,"Aslib Proceedings: New Information Perspectives","59","6",,"550","564",,"10.1108/00012530710839623","https://www.scopus.com/inward/record.uri?eid=2-s2.0-36448947528&doi=10.1108%2f00012530710839623&partnerID=40&md5=c1d3a9b45c3bb5c29f33b5cf495de4da"
"Sicilia M.-A.","On the general structure of ontologies of instructional models",2007,"CEUR Workshop Proceedings","318",,,"","",8,,"https://www.scopus.com/inward/record.uri?eid=2-s2.0-84885003188&partnerID=40&md5=08df133079af844f4babaf805a1f8472"
"Korfiatis N., Sicilia M.-A.","Social measures and flexible navigation on online contact networks",2007,"IEEE International Conference on Fuzzy Systems",,, 4295565,"","",,"10.1109/FUZZY.2007.4295565","https://www.scopus.com/inward/record.uri?eid=2-s2.0-50249139717&doi=10.1109%2fFUZZY.2007.4295565&partnerID=40&md5=e0676587d9c1a2d54786fe6e512b8382"
"Rius À., Sicilia M.A., García E.","Justification and description of knowledge domain of an ontology for formalization and automation of educational scenarios [Justificación y descripción del dominio de conocimiento de una ontología para la formalización y automatización de escenarios educativos]",2007,"CEUR Workshop Proceedings","318",,,"","",11,,"https://www.scopus.com/inward/record.uri?eid=2-s2.0-84884992011&partnerID=40&md5=71f04a3425fb20c3beca4be1d1a0a252"
"Sánchez-Alonso S., Sicilia M.A., Pareja M.","Mapping IEEE LOM to WSML: An ontology of learning objects",2007,"Proceedings of the 2nd International Conference on Internet Technologies and Applications, ITA 07",,,,"92","101",,,"https://www.scopus.com/inward/record.uri?eid=2-s2.0-84857177097&partnerID=40&md5=5e79e1c6f41e9cb36ffa7322c12b7fb9"
"Sicilia M.-A., Sánchez-Alonso S., Lezcano L.","Exploring affiliation network models as a collaborative filtering mechanism in e-learning",2007,"CEUR Workshop Proceedings","307",,,"36","44",,,"https://www.scopus.com/inward/record.uri?eid=2-s2.0-73149104040&partnerID=40&md5=e52e400db68f6d61cbb636a0954c9d3a"
"Sánchez-Alonso S., Sicilia M.A., López-Cobo J.M., Arroyo S.","Design by contract-based selection and composition of learning objects",2007,"Computers and Education: E-Learning, from Theory to Practice",,,,"179","191",,,"https://www.scopus.com/inward/record.uri?eid=2-s2.0-84900206463&partnerID=40&md5=b5fb4964f95967dc530462a1ae4cec5f"
"Korfiatis N., Sicilia M.-A., Hess C., Stein K., Schlieder C.","Social network models for enhancing reference-based search engine rankings",2007,"Social Information Retrieval Systems: Emerging Technologies and Applications for Searching the Web Effectively",,,,"109","133",,"10.4018/978-1-59904-543-6.ch006","https://www.scopus.com/inward/record.uri?eid=2-s2.0-84900592030&doi=10.4018%2f978-1-59904-543-6.ch006&partnerID=40&md5=da903c6a3bfe554fd184124f42f4023a"
"García-Barriocanal E., Sicilia M.-A., Lytras M.","Evaluating pedagogical classification frameworks for learning objects: A case study",2007,"Computers in Human Behavior","23","6",,"2641","2655",,"10.1016/j.chb.2006.08.001","https://www.scopus.com/inward/record.uri?eid=2-s2.0-34250026692&doi=10.1016%2fj.chb.2006.08.001&partnerID=40&md5=2bff75aaaf6fc5b124c7aa723da54e69"
"Arroyo S., Sicilia M.-A., Dodero J.-M.","Choreography frameworks for business integration: Addressing heterogeneous semantics",2007,"Computers in Industry","58","6",,"487","503",,"10.1016/j.compind.2006.10.002","https://www.scopus.com/inward/record.uri?eid=2-s2.0-34249328108&doi=10.1016%2fj.compind.2006.10.002&partnerID=40&md5=5deb84da371d661a2a760def8e3db541"
"Lytras M.D., Sicilia M.-A.","Where is the value in metadata?",2007,"International Journal of Metadata, Semantics and Ontologies","2","4",,"235","241",,"10.1504/IJMSO.2007.019442","https://www.scopus.com/inward/record.uri?eid=2-s2.0-47649111623&doi=10.1504%2fIJMSO.2007.019442&partnerID=40&md5=7c8e6c76921863c096eafb0fd299cb3d"
"Gallego J.J.C., Rodríguez D., Sicilia M.A., Rubio M.G., Crespo A.G.","Software project effort estimation based on multiple parametric models generated through data clustering",2007,"Journal of Computer Science and Technology","22","3",,"371","378",,"10.1007/s11390-007-9043-5","https://www.scopus.com/inward/record.uri?eid=2-s2.0-34249847882&doi=10.1007%2fs11390-007-9043-5&partnerID=40&md5=eb6a7d4c2081eb71665c38b68ad05ae4"
"Sicilia M.-A.","Guest editorial",2007,"The Electronic Library","25","2",,"","",,"10.1108/el.2007.26325baa.001","https://www.scopus.com/inward/record.uri?eid=2-s2.0-84986105111&doi=10.1108%2fel.2007.26325baa.001&partnerID=40&md5=ba4fec4918b96be27b17ffb0636cfbcf"
"Sicilia M.-A.","Ontology of systems and software engineering",2007,"Advanced Engineering Informatics","21","2",,"117","118",,"10.1016/j.aei.2006.11.005","https://www.scopus.com/inward/record.uri?eid=2-s2.0-34248665295&doi=10.1016%2fj.aei.2006.11.005&partnerID=40&md5=32fb3e4160c363cfac98c8aa99c0c8c8"
"Cuadrado-Gallego J.J., Sicilia M.-A.","An algorithm for the generation of segmented parametric software estimation models and its empirical evaluation",2007,"Computing and Informatics","26","1",,"1","15",,,"https://www.scopus.com/inward/record.uri?eid=2-s2.0-33947143428&partnerID=40&md5=7ec14b7d5472614be5dc647d717e927b"
"Rejas-Muslera R.J., Cuadrado-Gallego J.J., Sicilia M.-A., Rodríguez D.","SLA: A legal assurance process model for software engineering management",2007,"Software Process Improvement and Practice","12","2",,"191","198",,"10.1002/spip.315","https://www.scopus.com/inward/record.uri?eid=2-s2.0-34247472725&doi=10.1002%2fspip.315&partnerID=40&md5=f72081441d8952b0d37ac905ed208610"
"Arroyo S., Duke A., López-Cobo J.-M., Sicilia M.-A.","A model-driven choreography conceptual framework",2007,"Computer Standards and Interfaces","29","3",,"325","334",,"10.1016/j.csi.2006.05.004","https://www.scopus.com/inward/record.uri?eid=2-s2.0-33846589439&doi=10.1016%2fj.csi.2006.05.004&partnerID=40&md5=f1fff867472d396b05b32d3926585404"
"Sicilia M.-A.","Competencies in organizational e-learning: Concepts and tools",2006,"Competencies in Organizational E-Learning: Concepts and Tools",,,,"1","374",,"10.4018/978-1-59904-343-2","https://www.scopus.com/inward/record.uri?eid=2-s2.0-84900610985&doi=10.4018%2f978-1-59904-343-2&partnerID=40&md5=0c9fef2e9a87f0fed80931f9ad737802"
"Sicilia M.-A.","Preface",2006,"Competencies in Organizational E-Learning: Concepts and Tools",,,,"vi","xii",,"10.4018/978-1-59904-343-2","https://www.scopus.com/inward/record.uri?eid=2-s2.0-84900589616&doi=10.4018%2f978-1-59904-343-2&partnerID=40&md5=5d02efd137931041693b26533857ed73"
"Sicilia M.-Ä.","Preface",2006,"International Journal of Metadata, Semantics and Ontologies","1","2",,"87","88",,,"https://www.scopus.com/inward/record.uri?eid=2-s2.0-84898739998&partnerID=40&md5=d157d1527305e2ecb1901219fe22487f"
"Sicilia M.-Á.","Metadata, semantics, and ontology: Providing meaning to information resources",2006,"International Journal of Metadata, Semantics and Ontologies","1","1",,"83","86",,"10.1504/IJMSO.2006.008773","https://www.scopus.com/inward/record.uri?eid=2-s2.0-33745234640&doi=10.1504%2fIJMSO.2006.008773&partnerID=40&md5=94e32a265886733c6ce6f15a42d05710"
"Sicilia M.-Á., Lytras M.D.","Editorial",2006,"International Journal of Metadata, Semantics and Ontologies","1","1",,"1","2",,,"https://www.scopus.com/inward/record.uri?eid=2-s2.0-84898734806&partnerID=40&md5=70474abf30c59deca3fc0470daeba8c7"
"Sicilia M.-A., Naeve A.","Competencies and organizational learning: A conceptual framework",2006,"Competencies in Organizational E-Learning: Concepts and Tools",,,,"1","9",,"10.4018/978-1-59904-343-2.ch001","https://www.scopus.com/inward/record.uri?eid=2-s2.0-79952994492&doi=10.4018%2f978-1-59904-343-2.ch001&partnerID=40&md5=3fe7c46e6f0f39327f1a8a577c639b29"
"Sicilia M.-A., Sánchez-Alonso S., García-Barriocanal E.","On supporting the process of learning design through planners",2006,"CEUR Workshop Proceedings","186",,,"81","89",,,"https://www.scopus.com/inward/record.uri?eid=2-s2.0-84884365557&partnerID=40&md5=59ee3b4f335ddd4bbd14d73c93d04a28"
"Sicilia M.-A., García-Barriocanal E., González-Sotos L.","Introducing fuzziness in object models and database interfaces through aspects",2006,"International Journal of Intelligent Systems","21","12",,"1199","1216",,"10.1002/int.20181","https://www.scopus.com/inward/record.uri?eid=2-s2.0-33751572503&doi=10.1002%2fint.20181&partnerID=40&md5=288477a5d32cc3ddf52380c88cb49e3c"
"López-Cobo J.-M., Arroyo S., Sicilia M.-A., Sánchez-Alonso S.","A semantic web service architecture for learning object repositories",2006,"Advances in Electronic Business","2",,,"141","158",,"10.4018/978-1-59140-678-5.ch006","https://www.scopus.com/inward/record.uri?eid=2-s2.0-84900284731&doi=10.4018%2f978-1-59140-678-5.ch006&partnerID=40&md5=d13eff6ee6ee84c3347dea56b28b8db4"
"Abran A., Cuadrado J.J., García-Barriocanal E., Mendes O., Sánchez-Alonso S., Sicilia M.A.","Engineering the ontology for the SWEBOK: Issues and techniques",2006,"Ontologies for Software Engineering and Software Technology",,,,"103","121",,"10.1007/3-540-34518-3_3","https://www.scopus.com/inward/record.uri?eid=2-s2.0-38049156052&doi=10.1007%2f3-540-34518-3_3&partnerID=40&md5=740ae95a40a099d1058dd9cf7f331031"
"Rodríguez D., Sicilia M.Á., Cuadrado-Gallego J.J., Pfahl D.","e-learning in project management using simulation models: A case study based on the replication of an experiment",2006,"IEEE Transactions on Education","49","4",,"451","463",,"10.1109/TE.2006.882367","https://www.scopus.com/inward/record.uri?eid=2-s2.0-37849188626&doi=10.1109%2fTE.2006.882367&partnerID=40&md5=b7447ae18a1217b9245f942619250801"
"Sicilia M.-A.","On some problems of decision-making under uncertainty in the semantic web",2006,"Studies in Fuzziness and Soft Computing","204",,,"231","246",,"10.1007/3-540-33473-4_9","https://www.scopus.com/inward/record.uri?eid=2-s2.0-33748885476&doi=10.1007%2f3-540-33473-4_9&partnerID=40&md5=6df648600ec697202624d2467f9a6028"
"Barriocanal E.G., Sicilia M.-Á.","Fuzzy concept-based models in information browsers",2006,"Studies in Fuzziness and Soft Computing","197",,,"121","134",,"10.1007/3-540-31590-X_7","https://www.scopus.com/inward/record.uri?eid=2-s2.0-33748915040&doi=10.1007%2f3-540-31590-X_7&partnerID=40&md5=bd1897c05a909024204eec954831ad95"
"Sicilia M.A.","Metadata and semantics research",2006,"Online Information Review","30","3",,"213","216",,"10.1108/14684520610675753","https://www.scopus.com/inward/record.uri?eid=2-s2.0-33745288273&doi=10.1108%2f14684520610675753&partnerID=40&md5=1f31c244650b57c81e009e816d2c829b"
"Sicilia M.-A.","Semantic learning designs: Recording assumptions and guidelines",2006,"British Journal of Educational Technology","37","3",,"331","350",,"10.1111/j.1467-8535.2006.00609.x","https://www.scopus.com/inward/record.uri?eid=2-s2.0-33645990952&doi=10.1111%2fj.1467-8535.2006.00609.x&partnerID=40&md5=f45e534e4febe7b716a9000c1f138241"
"Sicilia M.-A., Lytras M., Rodríguez E., García-Barriocanal E.","Integrating descriptions of knowledge management learning activities into large ontological structures: A case study",2006,"Data and Knowledge Engineering","57","2",,"111","121",,"10.1016/j.datak.2005.04.001","https://www.scopus.com/inward/record.uri?eid=2-s2.0-33644757622&doi=10.1016%2fj.datak.2005.04.001&partnerID=40&md5=d294175e2b3ff07aa8dc5101cc36be19"
"Cuadrado-Gallego J.J., Sicilia M.-A., Garre M., Rodríguez D.","An empirical study of process-related attributes in segmented software cost-estimation relationships",2006,"Journal of Systems and Software","79","3",,"353","361",,"10.1016/j.jss.2005.04.040","https://www.scopus.com/inward/record.uri?eid=2-s2.0-33644665874&doi=10.1016%2fj.jss.2005.04.040&partnerID=40&md5=4417868e94382f82c59e2bec2a69c460"
"Sicilia M.-Á.","Strategies for teaching object-oriented concepts with Java",2006,"Computer Science Education","16","1",,"1","18",,"10.1080/08993400500344431","https://www.scopus.com/inward/record.uri?eid=2-s2.0-77956223779&doi=10.1080%2f08993400500344431&partnerID=40&md5=79381a10b2ed476be505af6dd4560d31"
"Sicilia M.-A., Garc´ya-Barriocanal E.","Extending Object Database Interfaces with Fuzziness Through Aspect-Oriented Design",2006,"SIGMOD Record","35","2",,"4","9",,"10.1145/1147376.1147377","https://www.scopus.com/inward/record.uri?eid=2-s2.0-33751571829&doi=10.1145%2f1147376.1147377&partnerID=40&md5=097e5089632aad2e3b5a9a859b896dbf"
"Sicilia M.-A., García-Barriocanal E.","Extending object database interfaces with puzziness Through aspect-oriented design",2006,"SIGMOD Record","35","2",,"1","6",,,"https://www.scopus.com/inward/record.uri?eid=2-s2.0-33745199804&partnerID=40&md5=adae96fea2d527f5f1ede261eae0f984"
"Cuadrado-Gallego J.J., Fernández-Sanz L., Sicilia M.-Á.","Enhancing input value selection in parametric software cost estimation models through second level cost drivers",2006,"Software Quality Journal","14","4",,"339","357",,"10.1007/s11219-006-0039-0","https://www.scopus.com/inward/record.uri?eid=2-s2.0-33749670154&doi=10.1007%2fs11219-006-0039-0&partnerID=40&md5=0e8bdd932c7eb4ada39ce412ecafa224"
"Garre M., Sicilia M.A., Cuadrado J.J., Charro M.","Regression analisys of segmented parametric software cost estimation models using recursive clustering tool",2006,"Lecture Notes in Computer Science (including subseries Lecture Notes in Artificial Intelligence and Lecture Notes in Bioinformatics)","4224 LNCS",,,"849","858",,,"https://www.scopus.com/inward/record.uri?eid=2-s2.0-33750554887&partnerID=40&md5=19960ae2e4fa433faf397cc0b99e8436"
"Rodríguez D., Cuadrado J.J., Sicilia M.A., Ruiz R.","Segmentation of software engineering datasets using the M5 algorithm",2006,"Lecture Notes in Computer Science (including subseries Lecture Notes in Artificial Intelligence and Lecture Notes in Bioinformatics)","3994 LNCS - IV",,,"789","796",,,"https://www.scopus.com/inward/record.uri?eid=2-s2.0-33746606002&partnerID=40&md5=ad24a561ec78e78277370fcaaf3dd6b0"
"Sicilia M.-A.","On the use of existing upper ontologies as a metadata integration mechanism",2005,"Proceedings of the International Conference on Dublin Core and Metadata Applications",,,,"179","183",,,"https://www.scopus.com/inward/record.uri?eid=2-s2.0-84871644797&partnerID=40&md5=48b84e46c7d0d020b02d379b28e0199f"
"Sicilia M.-A.","Ontology-based competency management: Infrastructures for the knowledge intensive learning organization",2005,"Intelligent Learning Infrastructure for Knowledge Intensive Organizations: A Semantic Web Perspective",,,,"302","324",,"10.4018/978-1-59140-503-0.ch011","https://www.scopus.com/inward/record.uri?eid=2-s2.0-23444437164&doi=10.4018%2f978-1-59140-503-0.ch011&partnerID=40&md5=0a169d4e40990dfc3ff3bcf89f6229de"
"Sicilia M.-A., Sánchez-Alonso S.","Reusable learning resources for virtual learning environments",2005,"Encyclopedia of Virtual Communities and Technologies",,,,"405","408",,"10.4018/978-1-59140-563-4.ch078","https://www.scopus.com/inward/record.uri?eid=2-s2.0-84898360983&doi=10.4018%2f978-1-59140-563-4.ch078&partnerID=40&md5=bc202be32bb491ae2aec85f5a47a2a52"
"Sicilia M.-A., García-Barriocanal E.","Representing virtual communities for advanced services",2005,"Encyclopedia of Virtual Communities and Technologies",,,,"402","404",,"10.4018/978-1-59140-563-4.ch077","https://www.scopus.com/inward/record.uri?eid=2-s2.0-84898123733&doi=10.4018%2f978-1-59140-563-4.ch077&partnerID=40&md5=6d568a23d2aa4cc806cb512ac86c0f8d"
"Sicilia M.-A., Cuadrado-Gallego J.J.","Linking software engineering concepts to upper ontologies",2005,"CEUR Workshop Proceedings","163",,,"","",4,,"https://www.scopus.com/inward/record.uri?eid=2-s2.0-84884342212&partnerID=40&md5=07328369d67a943969bfd2ca7a70b04e"
"Sánchez-Alonso S., Sicilia M.-A.","Normative specifications of learning objects and processes",2005,"Proceedings of the 1st International Conference on Internet Technologies and Applications, ITA 05",,,,"443","450",,,"https://www.scopus.com/inward/record.uri?eid=2-s2.0-84860009958&partnerID=40&md5=6aed65a948f81e8d815de55feb5bc7a8"
"Cuadrado-Gallego J.J., Sicilia M.-Á.","Learning object reusability metrics",2005,"Proceedings of the 1st International Conference on Internet Technologies and Applications, ITA 05",,,,"120","124",,,"https://www.scopus.com/inward/record.uri?eid=2-s2.0-84859999783&partnerID=40&md5=4b6c10682d2b056acf453b39e39a4b51"
"García-Barriocanal E., Sicilia M.A.","Filtering information with imprecise social criteria: A FOAF-based backlink model",2005,"Proceedings - 4th Conference of the European Society for Fuzzy Logic and Technology and 11th French Days on Fuzzy Logic and Applications, EUSFLAT-LFA 2005 Joint Conference",,,,"1094","1098",,,"https://www.scopus.com/inward/record.uri?eid=2-s2.0-77649283141&partnerID=40&md5=82461bb2412be8fa8c7b44c232c27420"
"Sánchez-Alonso S., Sicilia M.-A., García-Barriocanal E.","Ontologies and contracts in the automation of learning object management systems",2005,"Web-Based Intelligent E-Learning Systems: Technologies and Applications",,,,"216","234",,"10.4018/978-1-59140-729-4.ch011","https://www.scopus.com/inward/record.uri?eid=2-s2.0-84900630760&doi=10.4018%2f978-1-59140-729-4.ch011&partnerID=40&md5=eda7ee6fdfdc1b0c15a6121d6c519efb"
"García-Barriocanal E., Sicilia M.-A., Palomar D.","A graphical humor ontology for contemporary cultural heritage access",2005,"Proceedings of the 13th European Conference on Information Systems, Information Systems in a Rapidly Changing Economy, ECIS 2005",,,,"","",11,,"https://www.scopus.com/inward/record.uri?eid=2-s2.0-84871004815&partnerID=40&md5=9baf3a47329aad217d9d38d88e85151b"
"Lytras M., Sicilia M.-A., Tsotra D.","On the sizing of Knowledge Management activities and its relationship to supporting technology",2005,"Proceedings of the 2005 International Conference on Software Engineering Research and Practice, SERP'05","2",,,"483","488",,,"https://www.scopus.com/inward/record.uri?eid=2-s2.0-60749135577&partnerID=40&md5=0e5e2e0c70318f88e118ce0dd369dc52"
"Sicilia M.-A., Cuadrado J.-J., Rodŕiguez D.","Ontologies of software artifacts and activities: Resource annotation and application to learning technologies",2005,"17th International Conference on Software Engineering and Knowledge Engineering, SEKE 2005",,,,"145","150",,,"https://www.scopus.com/inward/record.uri?eid=2-s2.0-38049107772&partnerID=40&md5=6d03698acb324d7a4527d711ec5b35c0"
"Sicilia M.-A., García-Barriocanal E., Sánchez-Alonso S., Soto J.","A semantic lifecycle approach to learning object repositories",2005,"Proceedings - Advanced Industrial Conference on Telecommunications/Service Assurance with Partial and Intermittent Resources Conference/E-Learning on Telecommunications Workshop AICT/SAPIR/ELETE 2005","2005",, 1517672,"466","471",,"10.1109/AICT.2005.13","https://www.scopus.com/inward/record.uri?eid=2-s2.0-33750967066&doi=10.1109%2fAICT.2005.13&partnerID=40&md5=3b530e381195335cc82f5ac080b4de1d"
"Garre M., Cuadrado J.J., Sicilia M.A., Charro M., Rodríguez D.","Segmented parametric software estimation models: Using the EM algorithm with the ISBSG 8 database",2005,"Proceedings of the International Conference on Information Technology Interfaces, ITI",,, 1491119,"193","199",,"10.1109/ITI.2005.1491119","https://www.scopus.com/inward/record.uri?eid=2-s2.0-33745261560&doi=10.1109%2fITI.2005.1491119&partnerID=40&md5=d0d65739cbae83101b7cf5b777f40186"
"García-Barriocanal E., Sicilia M.A., Sánchez-Alonso S.","Usability evaluation of ontology editors",2005,"Knowledge Organization","32","1",,"1","9",,,"https://www.scopus.com/inward/record.uri?eid=2-s2.0-26044452110&partnerID=40&md5=5e3526e617abd099288249a01d4d492b"
"Sicilia M.A., Lytras M.D.","The semantic learning organization",2005,"The Learning Organization","12","5",,"402","410",,"10.1108/09696470510611375","https://www.scopus.com/inward/record.uri?eid=2-s2.0-23444447250&doi=10.1108%2f09696470510611375&partnerID=40&md5=afa6ef5c3342fa8851c66d8d02d062db"
"Sicilia M.-Á., Cuadrado-Gallego J.-J., Crespo J., García-Bariocanal E.","Software cost estimation with fuzzy inputs: Fuzzy modelling and aggregation of cost drivers",2005,"Kybernetika","41","2",,"249","264",,,"https://www.scopus.com/inward/record.uri?eid=2-s2.0-22644436031&partnerID=40&md5=5006c358ac42181f66ddebab80d96e9a"
"Lytras M., Sicilia M.-A., Davies J., Kashyap V.","Digital libraries in the knowledge era: Knowledge management and Semantic Web technologies",2005,"Library Management","26",,,"170","175",,"10.1108/01435120510596026","https://www.scopus.com/inward/record.uri?eid=2-s2.0-20344386463&doi=10.1108%2f01435120510596026&partnerID=40&md5=fa8ba47d0b84c77885aeeab21bf36b85"
"Sicilia M.-Á., Lytras M.D.","Scenario-oriented reusable learning object characterisations",2005,"International Journal of Knowledge and Learning","1","4",,"332","341",,"10.1504/IJKL.2005.008355","https://www.scopus.com/inward/record.uri?eid=2-s2.0-37749006831&doi=10.1504%2fIJKL.2005.008355&partnerID=40&md5=bd79643a98e31ffffeb033ffe5a055c8"
"Lytras M.D., Sicilia M.A.","The Knowledge Society: a manifesto for knowledge and learning",2005,"International Journal of Knowledge and Learning","1","1-2",,"1","11",,,"https://www.scopus.com/inward/record.uri?eid=2-s2.0-31944441367&partnerID=40&md5=69a21c0ea1da4871c7da9a678f1c5562"
"Sicilia M.-Á., Barriocanal E.G.","On the convergence of formal ontologies and standardized E-learning",2005,"International Journal of Distance Education Technologies","3","2",,"13","29",,"10.4018/jdet.2005040102","https://www.scopus.com/inward/record.uri?eid=2-s2.0-14944373263&doi=10.4018%2fjdet.2005040102&partnerID=40&md5=141f7b08b73aca8343155120b6a46f03"
"Sicilia M.-Á., García E.","On the use of bipolar scales in preference-based recommender systems",2004,"Lecture Notes in Computer Science (including subseries Lecture Notes in Artificial Intelligence and Lecture Notes in Bioinformatics)","3182",,,"268","276",,,"https://www.scopus.com/inward/record.uri?eid=2-s2.0-35048812733&partnerID=40&md5=be490ab8287352e10dfb822e5302efb9"
"Sánchez S., Sicilia M.-A.","Relationships and commitments in learning object metadata",2004,"Proceedings of the Fifth International Conference on Information Technology Based Higher Education and Training, ITHET 2004",,,,"87","92",,,"https://www.scopus.com/inward/record.uri?eid=2-s2.0-14544279354&partnerID=40&md5=d33aa0b360aaa2949fc5017930467eb5"
"Sánchez S., Sicilia M.-A.","On the semantics of aggregation and generalization in learning object contracts",2004,"Proceedings - IEEE International Conference on Advanced Learning Technologies, ICALT 2004",,,,"425","429",,,"https://www.scopus.com/inward/record.uri?eid=2-s2.0-13244253949&partnerID=40&md5=70829deb287d8b71ff8b36bd924eeee2"
"Dodero J.M., Sicilia M.-Á., Fernández C.","On the use of the choquet integral for the collaborative creation of learning objects",2004,"Computing and Informatics","23","2",,"101","113",,,"https://www.scopus.com/inward/record.uri?eid=2-s2.0-13544260581&partnerID=40&md5=9cade991bde7c4ef81d690ffeccb8032"
"Sicilia M.A., García E., Sánchez S., Rodríguez E.","On integrating learning object metadata inside the OpenCyc knowledge base",2004,"Proceedings - IEEE International Conference on Advanced Learning Technologies, ICALT 2004",,,,"900","901",,"10.1109/ICALT.2004.1357711","https://www.scopus.com/inward/record.uri?eid=2-s2.0-13244287877&doi=10.1109%2fICALT.2004.1357711&partnerID=40&md5=37f531d99f693ea6570ca71f038c4556"
"Sicilia M.-A., García E., Pagés C., Sánchez S., Rius À.","Specifying semantic conformance profiles in reusable learning object metadata",2004,"Proceedings of the Fifth International Conference on Information Technology Based Higher Education and Training, ITHET 2004",,,,"93","97",,,"https://www.scopus.com/inward/record.uri?eid=2-s2.0-14544296971&partnerID=40&md5=d3a3ebc70b93ffe75dd03bcb7445592f"
"Sicilia M.-Á., García E., Díaz P., Aedo I.","Using links to describe imprecise relationships in educational contents",2004,"International Journal of Continuing Engineering Education and Life-Long Learning","14","3",,"260","275",,"10.1504/IJCEELL.2004.004973","https://www.scopus.com/inward/record.uri?eid=2-s2.0-4043095549&doi=10.1504%2fIJCEELL.2004.004973&partnerID=40&md5=3e5aca8314c191d339eee9203ca1f525"
"Sicilia M.-Á.","The role of vague categories in semantic and adaptive Web interfaces",2003,"Lecture Notes in Computer Science (including subseries Lecture Notes in Artificial Intelligence and Lecture Notes in Bioinformatics)","2889",,,"210","222",,,"https://www.scopus.com/inward/record.uri?eid=2-s2.0-0242628302&partnerID=40&md5=8b7b2a75ec84f2208c3e6ce3422bf316"
"García E., Sicilia M.","User interface tactics in ontology-based information seeking",2003,"PsychNology Journal","1","3",,"242","255",,,"https://www.scopus.com/inward/record.uri?eid=2-s2.0-84883351719&partnerID=40&md5=93e13411ce42b1600ab7cd452c94ddab"
"Prieto M., Sicilia M.A.","Designing adaptive mobile applications: Abstract components and composite behaviors",2003,"Lecture Notes in Computer Science (including subseries Lecture Notes in Artificial Intelligence and Lecture Notes in Bioinformatics)","2795",,,"378","383",,,"https://www.scopus.com/inward/record.uri?eid=2-s2.0-35248820543&partnerID=40&md5=d2ea46809454fa18f48f2700fd0be023"
"Sicilia M.-Á., García E.","Fuzzy group models for adaptation in cooperative information retrieval contexts",2003,"Lecture Notes in Computer Science (including subseries Lecture Notes in Artificial Intelligence and Lecture Notes in Bioinformatics)","2932",,,"324","334",,,"https://www.scopus.com/inward/record.uri?eid=2-s2.0-35048827463&partnerID=40&md5=a57809213b7451755384a171ad4547be"
"Sicilia M.-A., García E.","Modelling interacting web usability criteria through fuzzy measures",2003,"Lecture Notes in Computer Science (including subseries Lecture Notes in Artificial Intelligence and Lecture Notes in Bioinformatics)","2722",,,"182","185",,,"https://www.scopus.com/inward/record.uri?eid=2-s2.0-21144440673&partnerID=40&md5=edf4dc68f34bd125776414404bc0cac5"
"Sicilia M.-A., Alcalde R.","Using possibility measures to enhance human resource selection processes based on job position characterizations",2003,"Proceedings of the International Conference on Artificial Intelligence IC-AI 2003","1",,,"353","358",,,"https://www.scopus.com/inward/record.uri?eid=2-s2.0-1642391977&partnerID=40&md5=42fba7eee42a8196a198b936a12ffd5d"
"Garcia E., Sicilia M.-A.","Designing ontology-based interactive information retrieval interfaces",2003,"Lecture Notes in Computer Science (including subseries Lecture Notes in Artificial Intelligence and Lecture Notes in Bioinformatics)","2889",,,"152","165",,,"https://www.scopus.com/inward/record.uri?eid=2-s2.0-0242628296&partnerID=40&md5=d2139ffc05a074ba4459ec9add8b4af6"
"Sicilia M.-Á., Barriocanal E.G., Calvo T.","An inquiry-based method for Choquet integral-based aggregation of interface usability parameters",2003,"Kybernetika","39","5",,"601","614",,,"https://www.scopus.com/inward/record.uri?eid=2-s2.0-1642389123&partnerID=40&md5=895bedc6392de86e0144aab2aaf58c9e"
"García E., Sicilia M.A., González L.A., Hilera J.R.","A concept-based approach for the design of web usability evaluation questionnaires",2003,"Lecture Notes in Computer Science (including subseries Lecture Notes in Artificial Intelligence and Lecture Notes in Bioinformatics)","2722",,,"186","189",,,"https://www.scopus.com/inward/record.uri?eid=2-s2.0-35248863901&partnerID=40&md5=afc4871fae34421c12ce0e66fdad0d8b"
"Sicilia M.-A., García E.","On the concepts of usability and reusability of learning objects",2003,"International Review of Research in Open and Distance Learning","4","2",,"26","38",,,"https://www.scopus.com/inward/record.uri?eid=2-s2.0-3042644461&partnerID=40&md5=44448017f5017b4578e7b16b70ebdfad"
"Sicilia M.-Á.","Observing web users: Conjecturing and refutation on partial evidence",2003,"Annual Conference of the North American Fuzzy Information Processing Society - NAFIPS","2003-January",, 1226841,"530","535",,"10.1109/NAFIPS.2003.1226841","https://www.scopus.com/inward/record.uri?eid=2-s2.0-35048817372&doi=10.1109%2fNAFIPS.2003.1226841&partnerID=40&md5=a57bb580f0aeadfb94ae5f2db028fe29"
"Sicilia M.A., García E., Aedo I., Díaz P.","A literature-based approach to annotation and browsing of web resources",2003,"Information Research","8","2",,"","",13,,"https://www.scopus.com/inward/record.uri?eid=2-s2.0-3042529213&partnerID=40&md5=86e40313c22f194cde51694b254e622a"
"Sicilia M.-A., Díaz P., Aedo I., García E.","Fuzzy linguistic summaries in rule-based adaptive hypermedia systems",2002,"Lecture Notes in Computer Science (including subseries Lecture Notes in Artificial Intelligence and Lecture Notes in Bioinformatics)","2347 LNCS",,,"317","327",,,"https://www.scopus.com/inward/record.uri?eid=2-s2.0-84874849099&partnerID=40&md5=f804fc7a9b87e172ce956218598bfd85"
"Sicilia M.-A., García E., Díaz P., Aedo I.","Extending relational data access programming libraries for fuzziness: The fJDBC framework",2002,"Lecture Notes in Computer Science (including subseries Lecture Notes in Artificial Intelligence and Lecture Notes in Bioinformatics)","2522 LNAI",,,"314","328",,,"https://www.scopus.com/inward/record.uri?eid=2-s2.0-84867298844&partnerID=40&md5=bb3fb1d9d0b81fc159f176aba94fcec1"
"Díaz P., Sicilia M.-Á., Aedo I.","Evaluation of hypermedia educational systems: Criteria and imperfect measures",2002,"Proceedings - International Conference on Computers in Education, ICCE 2002",,, 1186023,"621","626",,"10.1109/CIE.2002.1186023","https://www.scopus.com/inward/record.uri?eid=2-s2.0-84964479148&doi=10.1109%2fCIE.2002.1186023&partnerID=40&md5=a94ccf1a4fd1f127f9dfed00fee3833f"
"Sicilia M.Á., Gutiérrez J.A., García E.","Designing fuzzy relations in orthogonal persistence object-oriented database engines",2002,"Lecture Notes in Artificial Intelligence (Subseries of Lecture Notes in Computer Science)","2527",,,"243","253",,,"https://www.scopus.com/inward/record.uri?eid=2-s2.0-33745215367&partnerID=40&md5=5bb8a79cb1c6f9facdb7c9aad8aa3c04"
"Sicilia M.A., García E., Díaz P., Aedo I.","Learning Links: Reusable assets with support for vagueness and ontology-based typing",2002,"Proceedings - International Conference on Computers in Education, ICCE 2002",,, 1186349,"1567","1568",,"10.1109/CIE.2002.1186349","https://www.scopus.com/inward/record.uri?eid=2-s2.0-84964433338&doi=10.1109%2fCIE.2002.1186349&partnerID=40&md5=70070a4555c17ef30bdf7fb3154a5828"
"Sicilia M.-A., Díaz P., Aedo I., García E.","Fuzziness in adaptive hypermedia models",2002,"Annual Conference of the North American Fuzzy Information Processing Society - NAFIPS","2002-January",, 1018068,"268","273",,"10.1109/NAFIPS.2002.1018068","https://www.scopus.com/inward/record.uri?eid=2-s2.0-4043138890&doi=10.1109%2fNAFIPS.2002.1018068&partnerID=40&md5=e75e655e7cf06a2dcad1e7825a73127d"
"Sicilia Urbán M.A., Barriocanal E.G., Dodero Beardo J.M.","Towards a unified query-by-example (UQBE): UML as a basis for a generic graphical query language",2001,"Lecture Notes in Computer Science (including subseries Lecture Notes in Artificial Intelligence and Lecture Notes in Bioinformatics)","1944",,,"185","196",,"10.1007/3-540-44677-X_13","https://www.scopus.com/inward/record.uri?eid=2-s2.0-84959056151&doi=10.1007%2f3-540-44677-X_13&partnerID=40&md5=3aed713ccd1d5cc4f3e45d96d9f94a5b"
